Name	PermID	Reference	Chrom	Offsets	Ae	In	Fst	Source
mh01KK-172	MHDBM-d5a744a2	GRCh38	chr1	1551453,1551522,1551678	2.9310	0.2160	-0.0441	ALFRED
mh01USC-1pA	MHDBM-b44cecf4	GRCh38	chr1	1594569,1594598,1594613,1594617	3.8005	0.2029	0.0036	10.1016/j.fsigen.2019.102213
mh01KK-001	MHDBM-a9f4dcdb	GRCh38	chr1	3826567,3826754,3826785,3826826	3.1421	0.2860	0.0713	ALFRED
mh01KK-106	MHDBM-af04b293	GRCh38	chr1	4167403,4167500,4167563,4167573	2.6379	0.1962	0.1783	ALFRED
mh01KK-070	MHDBM-880ee42f	GRCh38	chr1	11794399,11794418	1.9122	0.1409	0.1178	ALFRED
mh01CP-007	MHDBM-e3b668ed	GRCh38	chr1	12788891,12788904,12788907	2.6569	0.0412	-0.0101	ALFRED
mh01CP-008	MHDBM-654c8337	GRCh38	chr1	14503432,14503434,14503448	2.4674	0.1220	0.0538	ALFRED
mh01NH-01	MHDBM-b23c6598	GRCh38	chr1	17072257,17072295,17072353	2.3626	0.0757	-0.0053	10.1016/j.legalmed.2015.06.003
mh01NH-02	MHDBM-f3e32a4c	GRCh38	chr1	17095427,17095460,17095515	2.1842	0.0997	0.0572	10.1016/j.legalmed.2015.06.003
mh01KK-205	MHDBM-1f7eaca2	GRCh38	chr1	18396197,18396218,18396306,18396351	4.0654	0.0717	-0.0068	ALFRED
mh01AT-02	MHDBM-6ba6d44e	GRCh38	chr1	18396306,18396351	2.5324	0.0338	0.0319	ISFG2019:P597
mh01KK-210	MHDBM-f9d95c20	GRCh38	chr1	22815857,22816002	2.2022	0.1530	0.1178	ALFRED
mh01USC-1pB	MHDBM-6f2b4d60	GRCh38	chr1	53116633,53116648,53116652	3.0632	0.1431	-0.0154	10.1016/j.fsigen.2019.102213
mh01CP-016	MHDBM-021e569a	GRCh38	chr1	55559012,55559050,55559056	2.8584	0.0813	0.0919	ALFRED
mh01CP-012	MHDBM-d80c4757	GRCh38	chr1	60999611,60999616,60999641	2.7927	0.1755	-0.0408	ALFRED
mh01KK-072	MHDBM-b4474a01	GRCh38	chr1	75723759,75723802	1.7557	0.0251	0.0089	ALFRED
mh01USC-1pC	MHDBM-78b9c617	GRCh38	chr1	80236360,80236417,80236441	2.9642	0.1752	0.0435	10.1016/j.fsigen.2019.102213
mh01CP-010	MHDBM-0f0a7cd6	GRCh38	chr1	85240117,85240130,85240139	2.6721	0.0736	0.0981	10.1016/j.fsigen.2019.02.018
mh01USC-1pD	MHDBM-8098d345	GRCh38	chr1	106227453,106227475,106227487	3.1574	0.3706	0.2831	10.1016/j.fsigen.2019.102213
mh01KK-211	MHDBM-6adc547b	GRCh38	chr1	161985865,161985967,161986013	2.2742	0.1706	0.1164	ALFRED
mh01AT-03	MHDBM-be82bac2	GRCh38	chr1	161985967,161985984,161986013	2.7654	0.1143	0.0071	ISFG2019:P597
mh01USC-1qA	MHDBM-f218f0ad	GRCh38	chr1	167157730,167157749	2.5003	0.0976	0.0695	10.1016/j.fsigen.2019.102213
mh01NH-03	MHDBM-e7a95c5e	GRCh38	chr1	184807944,184807966,184808042	1.9086	0.1987	0.1725	10.1016/j.legalmed.2015.06.003
mh01USC-1qB	MHDBM-e1cd790f	GRCh38	chr1	187653277,187653299,187653303,187653347	3.3505	0.1589	0.1579	10.1016/j.fsigen.2019.102213
mh01USC-1qC	MHDBM-532fb9eb	GRCh38	chr1	201985639,201985672,201985678	3.8355	0.0957	0.0152	10.1016/j.fsigen.2019.102213
mh01KK-117	MHDBM-39dc025f	GRCh38	chr1	204664211,204664268,204664371,204664397	4.4565	0.1933	0.0472	ALFRED
mh01KK-002	MHDBM-06c845ac	GRCh38	chr1	216461085,216461102	2.6696	0.2672	0.2541	ALFRED
mh01NK-001	MHDBM-47c3e27c	GRCh38	chr1	230684604,230684831,230684858,230684883	3.2924	0.1511	0.0904	ALFRED
mh01NH-04	MHDBM-0f7da26c	GRCh38	chr1	230684831,230684858,230684883	3.0552	0.1005	0.0807	10.1016/j.legalmed.2015.06.003
mh01AT-04	MHDBM-0f7da26c	GRCh38	chr1	230684831,230684858,230684883	3.0552	0.1005	0.0807	ISFG2019:P597
mh01KK-135	MHDBM-70300fc8	GRCh38	chr1	234206032,234206320	2.1269	0.2448	0.2169	ALFRED
mh01USC-1qD	MHDBM-20d6c206	GRCh38	chr1	235603659,235603670,235603675	2.9790	0.1907	-0.0700	10.1016/j.fsigen.2019.102213
mh02CP-004	MHDBM-93f8bfc4	GRCh38	chr2	7112049,7112052,7112077	3.0870	0.0845	0.0768	ALFRED
mh02USC-2pA	MHDBM-1734fe04	GRCh38	chr2	10810991,10811035,10811042,10811069	2.7695	0.3702	0.2143	10.1016/j.fsigen.2019.102213
mh02LV-08	MHDBM-7b891c73	GRCh38	chr2	28567654,28567659,28567662,28567673,28567678,28567685,28567689,28567692,28567695,28567696,28567704,28567713,28567739,28567816,28567817,28567820,28567824,28567843	13.9066	0.6344	0.0375	10.1016/j.fsigen.2018.05.001
mh02NH-05	MHDBM-400c355b	GRCh38	chr2	30966369,30966437,30966478,30966534	1.4395	0.0245	0.0446	10.1016/j.legalmed.2015.06.003
mh02USC-2pB	MHDBM-92018504	GRCh38	chr2	45236329,45236347,45236397	3.2887	0.1080	0.0457	10.1016/j.fsigen.2019.102213
mh02KK-138	MHDBM-bc9ea531	GRCh38	chr2	45964843,45964877,45964938,45964952,45965051,45965091	3.2796	0.2654	0.1259	ALFRED
mh02KK-073	MHDBM-2885ae1f	GRCh38	chr2	46359894,46359957	2.4468	0.0816	0.0778	ALFRED
mh02USC-2pC	MHDBM-fbf0d379	GRCh38	chr2	79025823,79025835,79025901,79025902	3.9436	0.0620	0.0087	10.1016/j.fsigen.2019.102213
mh02KK-105	MHDBM-f60628c8	GRCh38	chr2	96700565,96700586	2.0209	0.2043	0.1077	ALFRED
mh02KK-131	MHDBM-abe94175	GRCh38	chr2	97748700,97748786	1.9450	0.2660	0.2926	ALFRED
mh02KK-213	MHDBM-3697ccfe	GRCh38	chr2	100480397,100480409,100480497	2.5914	0.1416	0.0003	ALFRED
mh02USC-2qA	MHDBM-6443f01d	GRCh38	chr2	102476043,102476053,102476115,102476124	3.2848	0.1309	0.1133	10.1016/j.fsigen.2019.102213
mh02KK-202	MHDBM-e29a3977	GRCh38	chr2	107031716,107031855	2.0468	0.0589	-0.0211	ALFRED
mh02KK-139	MHDBM-b19d2e01	GRCh38	chr2	108897144,108897197	1.6760	0.4396	0.4234	ALFRED
mh02KK-102	MHDBM-4a6b420c	GRCh38	chr2	108897599,108897648,108897735	1.7957	0.1496	0.3257	ALFRED
mh02KK-003	MHDBM-13b749ff	GRCh38	chr2	108969856,108969914,108969980	2.1057	0.3022	0.3298	ALFRED
mh02KK-004	MHDBM-652d62eb	GRCh38	chr2	118985034,118985127,118985288	2.5745	0.2279	0.1265	ALFRED
mh02KK-215	MHDBM-501ac44d	GRCh38	chr2	136060045,136060087	2.3953	0.1253	0.0847	ALFRED
mh02USC-2qB	MHDBM-4c590dd3	GRCh38	chr2	137845753,137845766,137845786	2.8613	0.1272	0.0430	10.1016/j.fsigen.2019.102213
mh02KK-201	MHDBM-39f1774b	GRCh38	chr2	144995598,144995712	2.2920	0.2064	0.2990	ALFRED
mh02KK-005	MHDBM-92520b40	GRCh38	chr2	149097582,149097738	2.4739	0.0818	-0.0857	ALFRED
mh02KK-134	MHDBM-daea3d38	GRCh38	chr2	160222899,160222923,160222938,160223002	5.2060	0.2759	0.1603	ALFRED
mh02AT-05	MHDBM-c3feaba8	GRCh38	chr2	160222899,160222923,160222938	4.5544	0.2000	0.1520	ISFG2019:P597
mh02USC-2qC	MHDBM-da8a7daf	GRCh38	chr2	168160894,168160925,168160949	3.3237	0.0929	0.0784	10.1016/j.fsigen.2019.102213
mh02LV-05	MHDBM-d5e37dff	GRCh38	chr2	173420586,173420600,173420616,173420625,173420627,173420633,173420649,173420650,173420667,173420671,173420687,173420717,173420724,173420732,173420752,173420753,173420773,173420782,173420786,173420788,173420836,173420910	20.7826	0.8416	0.0497	10.1016/j.fsigen.2018.05.001
mh02USC-2qD	MHDBM-735c6a59	GRCh38	chr2	205957895,205957903,205957915	3.2126	0.0914	-0.0547	10.1016/j.fsigen.2019.102213
mh02NH-06	MHDBM-ad7dc942	GRCh38	chr2	227052523,227052553,227052606	1.9423	0.0102	0.0669	10.1016/j.legalmed.2015.06.003
mh02KK-136	MHDBM-eb83984f	GRCh38	chr2	227227672,227227689,227227742	4.0513	0.1190	0.0338	ALFRED
mh02AT-07	MHDBM-eb83984f	GRCh38	chr2	227227672,227227689,227227742	4.0513	0.1190	0.0338	ISFG2019:P597
mh02USC-2qE	MHDBM-1e1cbc66	GRCh38	chr2	240602474,240602493,240602497	3.1061	0.1407	0.0076	10.1016/j.fsigen.2019.102213
mh03LV-01	MHDBM-75964bf2	GRCh38	chr3	4567469,4567490,4567512,4567525,4567535,4567539,4567561,4567571,4567590,4567592,4567611,4567616,4567623,4567628,4567645,4567663,4567722,4567742,4567746,4567748,4567751,4567789	33.9190	0.8894	0.0171	10.1016/j.fsigen.2018.05.001
mh03USC-3pA	MHDBM-19bcf279	GRCh38	chr3	5492729,5492767,5492772,5492797	3.7017	0.2150	0.0770	10.1016/j.fsigen.2019.102213
mh03LV-07	MHDBM-5f7e29b6	GRCh38	chr3	5783508,5783509,5783518,5783523,5783525,5783531,5783541,5783542,5783543,5783544,5783552,5783562,5783564,5783571,5783577,5783607,5783608,5783611,5783612,5783617,5783618,5783619,5783623,5783626,5783635,5783648,5783652,5783653,5783663,5783664,5783671,5783672,5783673,5783676,5783677,5783678,5783681,5783684,5783687,5783695,5783704,5783705	14.0275	1.0810	0.0570	10.1016/j.fsigen.2018.05.001
mh03LV-06	MHDBM-a3596593	GRCh38	chr3	11914400,11914412,11914417,11914424,11914432,11914446,11914463,11914470,11914472,11914483,11914484,11914497,11914511,11914526,11914537,11914597	20.3159	0.8625	0.0252	10.1016/j.fsigen.2018.05.001
mh03CP-005	MHDBM-18771df9	GRCh38	chr3	15643038,15643040,15643041,15643049	3.5438	0.1859	0.1304	ALFRED
mh03NH-07	MHDBM-77f3d5d4	GRCh38	chr3	20095118,20095152,20095190	2.4329	0.0475	0.1192	10.1016/j.legalmed.2015.06.003
mh03USC-3pB	MHDBM-0630ddcc	GRCh38	chr3	42883132,42883149,42883185,42883190,42883198	3.4686	0.2681	0.0380	10.1016/j.fsigen.2019.102213
mh03KK-007	MHDBM-095cdb0b	GRCh38	chr3	46310863,46310892	2.3682	0.1009	0.0181	ALFRED
mh03AT-08	MHDBM-095cdb0b	GRCh38	chr3	46310863,46310892	2.3682	0.1009	0.0181	ISFG2019:P597
mh03KK-008	MHDBM-5b0616ce	GRCh38	chr3	46515344,46515457	2.3381	0.1722	0.0190	ALFRED
mh03KK-216	MHDBM-36217cad	GRCh38	chr3	50159658,50159663	2.0261	0.2551	0.1118	ALFRED
mh03USC-3pC	MHDBM-0c7e471e	GRCh38	chr3	62048099,62048138,62048145,62048191	3.9119	0.1359	0.1173	10.1016/j.fsigen.2019.102213
mh03USC-3qA	MHDBM-bc69e92e	GRCh38	chr3	98221103,98221116,98221142,98221179	2.7909	0.1867	0.1315	10.1016/j.fsigen.2019.102213
mh03KK-009	MHDBM-c86f4bbb	GRCh38	chr3	114171941,114171967	2.0205	0.1104	0.0940	ALFRED
mh03KK-006	MHDBM-96a5a489	GRCh38	chr3	121645325,121645388	1.8394	0.0998	0.1333	ALFRED
mh03KK-150	MHDBM-31ac28b1	GRCh38	chr3	131927127,131927156,131927242,131927311	3.4334	0.0752	-0.0351	ALFRED
mh03AT-09	MHDBM-e34ee4b8	GRCh38	chr3	131927127,131927156	2.7603	0.0310	-0.0749	ISFG2019:P597
mh03USC-3qB	MHDBM-2f7b83eb	GRCh38	chr3	134173988,134174020,134174027	2.7707	0.2457	0.0549	10.1016/j.fsigen.2019.102213
mh03KK-020	MHDBM-864e58e1	GRCh38	chr3	140566272,140566491	2.1611	0.2349	0.2290	ALFRED
mh03USC-3qC	MHDBM-eacabfd9	GRCh38	chr3	196653025,196653034,196653044,196653084,196653121	6.0269	0.3280	0.0222	10.1016/j.fsigen.2019.102213
mh04KK-010	MHDBM-07c8d144	GRCh38	chr4	1985210,1985244	2.9226	0.1306	0.0406	ALFRED
mh04AT-10	MHDBM-07c8d144	GRCh38	chr4	1985210,1985244	2.9226	0.1306	0.0406	ISFG2019:P597
mh04KK-030	MHDBM-1e252b7e	GRCh38	chr4	3664642,3664675,3664743,3664756	4.2975	0.2406	0.0515	ALFRED
mh04CP-003	MHDBM-2be52d8b	GRCh38	chr4	4324722,4324735,4324749	2.9151	0.1668	0.0321	ALFRED
mh04CP-004	MHDBM-8408d717	GRCh38	chr4	7402842,7402854,7402870	2.6744	0.0477	0.0610	10.1016/j.fsigen.2019.02.018
mh04USC-4pA	MHDBM-d6dfabac	GRCh38	chr4	8120733,8120768,8120801,8120809	3.9780	0.1338	-0.0444	10.1016/j.fsigen.2019.102213
mh04CP-005	MHDBM-387049c4	GRCh38	chr4	8778307,8778308,8778336	3.0611	0.1464	0.1926	ALFRED
mh04CP-007	MHDBM-0964089f	GRCh38	chr4	10350881,10350903,10350925	3.0832	0.0554	0.0315	ALFRED
mh04CP-002	MHDBM-342c1521	GRCh38	chr4	24304952,24304955,24304971	3.5189	0.0627	-0.0331	ALFRED
mh04USC-4pB	MHDBM-274a640e	GRCh38	chr4	36638137,36638167,36638178	3.1885	0.0758	0.1530	10.1016/j.fsigen.2019.102213
mh04KK-011	MHDBM-82345414	GRCh38	chr4	37857268,37857332	2.4866	0.1227	0.1313	ALFRED
mh04KK-074	MHDBM-56f06bb4	GRCh38	chr4	55457429,55457525	2.2365	0.1886	0.0856	ALFRED
mh04USC-4qA	MHDBM-7026a721	GRCh38	chr4	58569908,58569910,58569935	3.2864	0.0856	-0.0166	10.1016/j.fsigen.2019.102213
mh04KK-013	MHDBM-33a849c2	GRCh38	chr4	67578383,67578461,67578473,67578538,67578583	4.1089	0.1700	0.0222	ALFRED
mh04AT-12	MHDBM-973672e0	GRCh38	chr4	67578461,67578473,67578538	3.2273	0.1047	0.0770	ISFG2019:P597
mh04USC-4qB	MHDBM-b1f8974d	GRCh38	chr4	99121084,99121090,99121110	2.5527	0.2970	0.1938	10.1016/j.fsigen.2019.102213
mh04KK-028	MHDBM-e011843a	GRCh38	chr4	99346973,99347032	1.7470	0.1013	0.1819	ALFRED
mh04KK-015	MHDBM-b9ca0d85	GRCh38	chr4	99383008,99383090	2.0484	0.1043	0.0853	ALFRED
mh04KK-016	MHDBM-1670e3b2	GRCh38	chr4	99392838,99392904	2.0464	0.1054	0.1176	ALFRED
mh04KK-017	MHDBM-40955830	GRCh38	chr4	99400285,99400415,99400437	2.5989	0.1407	0.0821	ALFRED
mh04KK-029	MHDBM-62100129	GRCh38	chr4	99420681,99420703	1.3943	0.0572	0.0284	ALFRED
mh04USC-4qC	MHDBM-fe779bcf	GRCh38	chr4	154873438,154873480,154873485,154873488	3.0205	0.1068	0.0916	10.1016/j.fsigen.2019.102213
mh04KK-019	MHDBM-6f919cdc	GRCh38	chr4	178707936,178708066	2.4275	0.1320	0.2124	ALFRED
mh04USC-4qD	MHDBM-0c892502	GRCh38	chr4	181874735,181874763,181874771,181874785	3.4150	0.2934	0.1440	10.1016/j.fsigen.2019.102213
mh04KK-021	MHDBM-7b4cdfe7	GRCh38	chr4	186616978,186617175	2.4869	0.0972	0.1644	ALFRED
mh05CP-006	MHDBM-8de30e74	GRCh38	chr5	2136455,2136487,2136491	3.1813	0.1420	0.0397	ALFRED
mh05KK-170	MHDBM-22ddbb7d	GRCh38	chr5	2447909,2447937,2448031,2448045	5.8163	0.3436	0.0029	ALFRED
mh05AT-13	MHDBM-bdc390c8	GRCh38	chr5	2448031,2448045	3.1225	0.1421	-0.0450	ISFG2019:P597
mh05KK-062	MHDBM-7016a603	GRCh38	chr5	6844903,6844921	2.2553	0.1275	-0.0093	ALFRED
mh05CP-004	MHDBM-2d7580bc	GRCh38	chr5	9565017,9565022,9565043	2.8550	0.1026	0.0251	ALFRED
mh05KK-022	MHDBM-2f4b3f5c	GRCh38	chr5	9619792,9619823	2.4671	0.0964	0.2094	ALFRED
mh05AT-14	MHDBM-2f4b3f5c	GRCh38	chr5	9619792,9619823	2.4671	0.0964	0.2094	ISFG2019:P597
mh05KK-078	MHDBM-a6ae4401	GRCh38	chr5	9629357,9629416	1.2628	0.0287	0.1765	ALFRED
mh05KK-079	MHDBM-054372b5	GRCh38	chr5	9629610,9629700	1.3265	0.1116	0.0800	ALFRED
mh05USC-5pA	MHDBM-c29d8dc9	GRCh38	chr5	11046016,11046056,11046060,11046080	4.1459	0.1754	0.1571	10.1016/j.fsigen.2019.102213
mh05CP-010	MHDBM-df4e5f79	GRCh38	chr5	17903164,17903183,17903208,17903213	4.4028	0.0803	-0.0091	ALFRED
mh05KK-120	MHDBM-8472ee43	GRCh38	chr5	33951445,33951587,33951720	2.0530	0.4857	0.4416	ALFRED
mh05KK-121	MHDBM-5f4e13a2	GRCh38	chr5	33951720,33951955,33951986,33952000	2.5124	0.3663	0.2791	ALFRED
mh05KK-122	MHDBM-b7d636c3	GRCh38	chr5	33958804,33958853	1.9948	0.2722	0.3262	ALFRED
mh05KK-123	MHDBM-22a6ab26	GRCh38	chr5	33962664,33962771	2.2470	0.1598	0.1852	ALFRED
mh05KK-124	MHDBM-ca56bac9	GRCh38	chr5	33969522,33969588	2.2659	0.2949	0.1321	ALFRED
mh05KK-023	MHDBM-e04e482d	GRCh38	chr5	38881357,38881435,38881500	2.3554	0.0879	0.0859	ALFRED
mh05KK-020	MHDBM-3175540a	GRCh38	chr5	38881357,38881435,38881500,38881525	3.4735	0.1050	0.0566	ALFRED
mh05USC-5pB	MHDBM-f49d637a	GRCh38	chr5	44554678,44554694	2.4472	0.0914	0.0630	10.1016/j.fsigen.2019.102213
mh05USC-5qA	MHDBM-cea7d3fb	GRCh38	chr5	56469015,56469033,56469103,56469108	3.6280	0.1560	0.1951	10.1016/j.fsigen.2019.102213
mh05NH-09	MHDBM-843c1099	GRCh38	chr5	96913618,96913646,96913673	1.9406	0.0103	0.0499	10.1016/j.legalmed.2015.06.003
mh05USC-5qB	MHDBM-5c721c58	GRCh38	chr5	107030513,107030526,107030541,107030554	3.2945	0.2787	0.0445	10.1016/j.fsigen.2019.102213
mh05USC-5qC	MHDBM-a3dce276	GRCh38	chr5	133580667,133580689,133580716	3.4170	0.0856	0.0789	10.1016/j.fsigen.2019.102213
mh05NH-10	MHDBM-a8ca41dd	GRCh38	chr5	136051040,136051063,136051110	1.8582	0.0594	-0.1419	10.1016/j.legalmed.2015.06.003
mh05USC-5qD	MHDBM-7caf9769	GRCh38	chr5	178840367,178840377,178840413	3.5613	0.0497	0.0480	10.1016/j.fsigen.2019.102213
mh06KK-025	MHDBM-81f9a3b6	GRCh38	chr6	2936965,2936989,2937112	2.5785	0.1692	0.0623	ALFRED
mh06CP-007	MHDBM-994edf59	GRCh38	chr6	4383078,4383097,4383120	3.4109	0.0935	0.0843	ALFRED
mh06CP-003	MHDBM-565aef21	GRCh38	chr6	5561444,5561462,5561471	2.9984	0.1310	0.0426	ALFRED
mh06PK-24844	MHDBM-aa39cbba	GRCh38	chr6	13861392,13861399,13861414,13861421,13861430,13861434,13861438,13861439,13861440,13861446				10.1016/j.fsigen.2018.05.008
mh06KK-080	MHDBM-9fe2cdc6	GRCh38	chr6	15542066,15542151	1.3255	0.0780	0.0249	ALFRED
mh06KK-026	MHDBM-27068743	GRCh38	chr6	16399415,16399448,16399489	2.0401	0.1393	0.1966	ALFRED
mh06KK-030	MHDBM-4f17d55d	GRCh38	chr6	16801535,16801551,16801634	2.8682	0.1524	0.1872	ALFRED
mh06USC-6pA	MHDBM-8c95b05a	GRCh38	chr6	23765102,23765123,23765143	3.5030	0.0444	0.0652	10.1016/j.fsigen.2019.102213
mh06PK-25713	MHDBM-7d00efdc	GRCh38	chr6	31196949,31196961,31196972,31196985,31196992,31197001	2.9544	0.0898	0.0681	10.1016/j.fsigen.2018.05.008
mh06LV-09	MHDBM-b8f722a9	GRCh38	chr6	33056354,33056359,33056388,33056400,33056411,33056446,33056451,33056457,33056480,33056495,33056521,33056531,33056539,33056546	10.4354	0.6829	0.0311	10.1016/j.fsigen.2018.05.001
mh06USC-6pB	MHDBM-7cd89ff8	GRCh38	chr6	53836249,53836252,53836260	3.1711	0.1165	0.0948	10.1016/j.fsigen.2019.102213
mh06KK-031	MHDBM-b13eb2ea	GRCh38	chr6	69092609,69092767	1.4450	0.2238	0.3676	ALFRED
mh06USC-6qA	MHDBM-10663d82	GRCh38	chr6	77233323,77233337,77233339	3.0771	0.1176	0.0569	10.1016/j.fsigen.2019.102213
mh06USC-6qB	MHDBM-a437b0d9	GRCh38	chr6	95924446,95924462,95924463,95924479	3.3417	0.1586	0.0655	10.1016/j.fsigen.2019.102213
mh06USC-6qC	MHDBM-4e008b9e	GRCh38	chr6	119809193,119809227,119809240	3.0566	0.1333	0.0138	10.1016/j.fsigen.2019.102213
mh06USC-6qD	MHDBM-8da2d8d7	GRCh38	chr6	163606630,163606705,163606714,163606725	3.2890	0.1155	0.1223	10.1016/j.fsigen.2019.102213
mh06KK-008	MHDBM-ed9ca745	GRCh38	chr6	169255933,169255983,169256024,169256152	4.8459	0.5364	0.0887	ALFRED
mh06NH-11	MHDBM-ca54e9af	GRCh38	chr6	169569958,169570017,169570049	1.9030	0.0907	0.1140	10.1016/j.legalmed.2015.06.003
mh06KK-101	MHDBM-8a2c760e	GRCh38	chr6	170280714,170280900	1.6705	0.2296	0.2590	ALFRED
mh07USC-7pA	MHDBM-7f396ac7	GRCh38	chr7	11573508,11573525,11573544,11573551	3.5689	0.0965	0.0942	10.1016/j.fsigen.2019.102213
mh07CP-004	MHDBM-9f52aec1	GRCh38	chr7	16789069,16789073,16789076,16789085,16789114	2.9913	0.1502	-0.0184	ALFRED
mh07USC-7pB	MHDBM-fb03f07f	GRCh38	chr7	25407969,25407971,25407994,25408020	4.3649	0.1746	0.0331	10.1016/j.fsigen.2019.102213
mh07NH-12	MHDBM-c461b994	GRCh38	chr7	39429982,39430036,39430062	1.7290	0.0235	0.1498	10.1016/j.legalmed.2015.06.003
mh07PK-38311	MHDBM-3ae6dc1b	GRCh38	chr7	52677450,52677456,52677462,52677508	3.2638	0.1000	0.1927	10.1016/j.fsigen.2018.05.008
mh07KK-030	MHDBM-30e2d2b6	GRCh38	chr7	53594403,53594437,53594500	2.4866	0.0511	-0.1236	ALFRED
mh07USC-7pC	MHDBM-ae69a0fa	GRCh38	chr7	57150395,57150406,57150414,57150419,57150445	3.2672	0.2392	0.0973	10.1016/j.fsigen.2019.102213
mh07USC-7qA	MHDBM-09d9c9fc	GRCh38	chr7	68587893,68587936,68587946	3.3276	0.0657	0.0815	10.1016/j.fsigen.2019.102213
mh07KK-031	MHDBM-b88f697f	GRCh38	chr7	97104659,97104744	2.1864	0.0633	-0.0474	ALFRED
mh07KK-081	MHDBM-3182e2a9	GRCh38	chr7	99652769,99652851	1.1582	0.0656	-0.0288	ALFRED
mh07USC-7qB	MHDBM-0af2d2dd	GRCh38	chr7	115032625,115032629,115032665	2.9848	0.1291	0.1658	10.1016/j.fsigen.2019.102213
mh07KK-082	MHDBM-1a785986	GRCh38	chr7	141973450,141973544	1.8685	0.0445	0.0783	ALFRED
mh07USC-7qC	MHDBM-6531b2fe	GRCh38	chr7	151821663,151821692,151821719,151821720,151821731	3.9362	0.2237	0.0924	10.1016/j.fsigen.2019.102213
mh08PK-46625	MHDBM-840756f3	GRCh38	chr8	1194352,1194356,1194364,1194371	2.3775	0.1132	0.1395	10.1016/j.fsigen.2018.05.008
mh08USC-8pA	MHDBM-3fc30baf	GRCh38	chr8	3448907,3448913,3448925,3448935	3.8098	0.2051	0.0672	10.1016/j.fsigen.2019.102213
mh08KK-039	MHDBM-5078e94d	GRCh38	chr8	3659269,3659313,3659351,3659400,3659461,3659481	4.1596	0.3955	0.1203	ALFRED
mh08KK-032	MHDBM-90c91a19	GRCh38	chr8	11738319,11738459	2.3239	0.1401	0.1843	ALFRED
mh08USC-8pB	MHDBM-dfcf526b	GRCh38	chr8	40806674,40806697,40806707,40806709,40806723	3.4015	0.2065	0.1604	10.1016/j.fsigen.2019.102213
mh08USC-8qA	MHDBM-d80aad76	GRCh38	chr8	62032395,62032425,62032463	2.9167	0.1924	0.0174	10.1016/j.fsigen.2019.102213
mh08USC-8qB	MHDBM-136b8e21	GRCh38	chr8	86148149,86148157,86148187	2.9883	0.1334	0.0958	10.1016/j.fsigen.2019.102213
mh08CP-009	MHDBM-f1e79b99	GRCh38	chr8	112168152,112168167,112168168	2.9277	0.2064	0.1651	10.1016/j.fsigen.2019.02.018
mh08USC-8qC	MHDBM-95c68f0b	GRCh38	chr8	137028438,137028480,137028499,137028520	3.2218	0.2156	0.0228	10.1016/j.fsigen.2019.102213
mh09KK-161	MHDBM-43890ace	GRCh38	chr9	344228,344331	1.8583	0.4381	0.2824	ALFRED
mh09KK-033	MHDBM-8458b727	GRCh38	chr9	680713,680762,680790	2.9343	0.1008	0.0504	ALFRED
mh09AT-15	MHDBM-b46abf2e	GRCh38	chr9	680713,680762,680767,680790	2.9471	0.1160	0.0602	ISFG2019:P597
mh09USC-9pA	MHDBM-3eb8b948	GRCh38	chr9	2288646,2288676,2288699,2288709,2288717	4.4514	0.2989	0.0531	10.1016/j.fsigen.2019.102213
mh09NH-13	MHDBM-b0cc1f39	GRCh38	chr9	6534435,6534465,6534507	3.2474	0.0990	0.0911	10.1016/j.legalmed.2015.06.003
mh09KK-034	MHDBM-c3fa885e	GRCh38	chr9	12672274,12672319	2.2414	0.1677	0.1357	ALFRED
mh09KK-020	MHDBM-13b503c9	GRCh38	chr9	16795160,16795164,16795242,16795287	2.6851	0.3285	0.2223	ALFRED
mh09USC-9pB	MHDBM-7da7af40	GRCh38	chr9	31196676,31196714,31196731,31196744	3.0919	0.1616	0.0574	10.1016/j.fsigen.2019.102213
mh09USC-9qA	MHDBM-90eb4532	GRCh38	chr9	70747687,70747714,70747746	3.1110	0.1236	0.0622	10.1016/j.fsigen.2019.102213
mh09KK-152	MHDBM-36a7f7d1	GRCh38	chr9	83193733,83193792,83193814,83193874	3.1066	0.1630	0.1238	ALFRED
mh09AT-16	MHDBM-8d216e58	GRCh38	chr9	83193792,83193814,83193874	3.0968	0.1586	0.1238	ISFG2019:P597
mh09KK-153	MHDBM-1651deb9	GRCh38	chr9	101207457,101207492,101207569	3.2675	0.2798	0.1476	ALFRED
mh09USC-9qB	MHDBM-1de2369f	GRCh38	chr9	102141544,102141545,102141554,102141580	3.5948	0.2080	0.0065	10.1016/j.fsigen.2019.102213
mh09LV-02	MHDBM-46974475	GRCh38	chr9	126716993,126717000,126717001,126717015,126717019,126717041,126717051,126717057,126717061,126717062,126717064,126717065,126717088,126717089,126717110,126717115,126717128,126717166,126717175,126717178,126717180,126717188,126717193,126717195,126717197,126717200,126717201,126717203,126717206,126717207,126717209,126717213,126717224,126717236,126717245,126717247,126717254,126717255,126717263,126717268,126717269,126717299,126717300,126717309,126717335	28.0040	0.9683	-0.0027	10.1016/j.fsigen.2018.05.001
mh09KK-157	MHDBM-d57c98ab	GRCh38	chr9	132987091,132987107,132987175,132987204,132987244	3.5312	0.2163	0.0805	ALFRED
mh09AT-17	MHDBM-b34d6dc3	GRCh38	chr9	132987175,132987204,132987244	2.6190	0.1250	0.0757	ISFG2019:P597
mh09USC-9qC	MHDBM-46fb8873	GRCh38	chr9	133903714,133903729,133903741,133903772,133903791	3.8223	0.1857	0.0327	10.1016/j.fsigen.2019.102213
mh09KK-035	MHDBM-55752043	GRCh38	chr9	134525268,134525461	2.7376	0.0239	0.0330	ALFRED
mh09AT-18	MHDBM-f34a0fd9	GRCh38	chr9	134525429,134525458,134525461	2.7781	0.0513	0.0368	ISFG2019:P597
mh10KK-163	MHDBM-195029a7	GRCh38	chr10	3120217,3120230,3120293,3120332,3120476	5.1071	0.2302	0.0487	ALFRED
mh10AT-19	MHDBM-d0337f9d	GRCh38	chr10	3120217,3120230,3120293	3.6749	0.1168	0.0103	ISFG2019:P597
mh10CP-006	MHDBM-f3170acd	GRCh38	chr10	6217655,6217663,6217664,6217693,6217698	2.5828	0.2584	0.0920	10.1016/j.fsigen.2019.02.018
mh10USC-10pA	MHDBM-9632d6cb	GRCh38	chr10	10370253,10370276,10370279	3.1754	0.0761	0.0912	10.1016/j.fsigen.2019.102213
mh10NH-14	MHDBM-0a571486	GRCh38	chr10	11288561,11288584,11288612	2.5210	0.1461	0.0202	10.1016/j.legalmed.2015.06.003
mh10KK-169	MHDBM-7dea0c4b	GRCh38	chr10	14166361,14166510,14166588,14166611,14166652	5.7650	0.2829	0.0205	ALFRED
mh10CP-005	MHDBM-c110d1ac	GRCh38	chr10	14613455,14613468,14613487	2.2441	0.1018	0.0939	10.1016/j.fsigen.2019.02.018
mh10LV-03	MHDBM-e58b05b5	GRCh38	chr10	16674549,16674557,16674564,16674565,16674607,16674623,16674629,16674631,16674632,16674634,16674642,16674655,16674673,16674678,16674696,16674700,16674742,16674748,16674749,16674777,16674787,16674797,16674819,16674852,16674853,16674873	25.1567	0.8834	0.0321	10.1016/j.fsigen.2018.05.001
mh10CP-003	MHDBM-ff317646	GRCh38	chr10	24304121,24304127,24304146	3.0824	0.1915	0.0145	ALFRED
mh10USC-10pB	MHDBM-ac0a4a38	GRCh38	chr10	25550464,25550502,25550516	2.7203	0.2438	0.1940	10.1016/j.fsigen.2019.102213
mh10NH-15	MHDBM-a36b9fa2	GRCh38	chr10	33201755,33201798,33201851	1.6426	0.0765	0.3842	10.1016/j.legalmed.2015.06.003
mh10USC-10qA	MHDBM-870e3f09	GRCh38	chr10	44446526,44446541,44446553	3.0399	0.1392	0.0909	10.1016/j.fsigen.2019.102213
mh10KK-170	MHDBM-a362392e	GRCh38	chr10	77150283,77150315,77150472	2.7886	0.2465	0.2788	ALFRED
mh10USC-10qB	MHDBM-beabc817	GRCh38	chr10	81422390,81422401,81422406	2.7849	0.1512	0.1346	10.1016/j.fsigen.2019.102213
mh10KK-083	MHDBM-ad2d3330	GRCh38	chr10	94761816,94761899	1.6203	0.0435	-0.0619	ALFRED
mh10KK-084	MHDBM-b5c94a06	GRCh38	chr10	95058348,95058361	1.1626	0.0739	-0.0563	ALFRED
mh10KK-085	MHDBM-351b30d4	GRCh38	chr10	95067392,95067420	1.9111	0.1098	-0.0794	ALFRED
mh10KK-086	MHDBM-b71193ce	GRCh38	chr10	95069672,95069771	1.9186	0.1410	0.1095	ALFRED
mh10KK-087	MHDBM-ea69bce3	GRCh38	chr10	105121710,105121752	1.9090	0.0201	0.1966	ALFRED
mh10NH-16	MHDBM-1dbaf308	GRCh38	chr10	113584043,113584071,113584092	1.7349	0.0321	0.0062	10.1016/j.legalmed.2015.06.003
mh10PK-62104	MHDBM-5f9c6cab	GRCh38	chr10	127392565,127392577,127392596,127392610,127392611,127392620,127392632	2.0068	0.0482	0.1032	10.1016/j.fsigen.2018.05.008
mh10USC-10qC	MHDBM-9fc26782	GRCh38	chr10	133152559,133152612,133152649	3.4118	0.1128	0.0546	10.1016/j.fsigen.2019.102213
mh10KK-101	MHDBM-32587a6d	GRCh38	chr10	133533422,133533454	2.1774	0.1047	0.1394	ALFRED
mh10KK-088	MHDBM-a2aaddf0	GRCh38	chr10	133537759,133537857	1.5029	0.1163	0.1408	ALFRED
mh11PK-62906	MHDBM-796e0392	GRCh38	chr11	247979,247985,247997,248001,248009,248015,248035	2.5711	0.4029	0.1147	10.1016/j.fsigen.2018.05.008
mh11KK-180	MHDBM-6d611fb7	GRCh38	chr11	1669560,1669680,1669738,1669753	4.0916	0.2604	0.1736	ALFRED
mh11AT-20	MHDBM-cac036b3	GRCh38	chr11	1669719,1669738,1669753	3.3294	0.1930	0.1601	ISFG2019:P597
mh11KK-036	MHDBM-3c24c3d4	GRCh38	chr11	5088715,5088837	2.6086	0.0563	0.0342	ALFRED
mh11AT-21	MHDBM-3c24c3d4	GRCh38	chr11	5088715,5088837	2.6086	0.0563	0.0342	ISFG2019:P597
mh11CP-003	MHDBM-a2ff96a7	GRCh38	chr11	5854636,5854653,5854658	3.4022	0.0460	0.0100	ALFRED
mh11USC-11pA	MHDBM-7c6d9d1a	GRCh38	chr11	14767417,14767470,14767490	2.9992	0.1247	-0.0313	10.1016/j.fsigen.2019.102213
mh11NH-17	MHDBM-bca12cd3	GRCh38	chr11	17400242,17400312,17400338	2.5068	0.2077	0.1830	10.1016/j.legalmed.2015.06.003
mh11CP-004	MHDBM-593f807f	GRCh38	chr11	21063267,21063268,21063292	2.3288	0.0706	-0.0191	ALFRED
mh11CP-005	MHDBM-71f2c227	GRCh38	chr11	23335742,23335767,23335773	2.8136	0.1411	0.1238	ALFRED
mh11PK-63643	MHDBM-c5ce121f	GRCh38	chr11	34415814,34415816,34415818,34415835,34415836,34415846,34415850				10.1016/j.fsigen.2018.05.008
mh11USC-11pB	MHDBM-2408c5b4	GRCh38	chr11	34415816,34415818,34415835,34415836	3.9841	0.1404	0.1346	10.1016/j.fsigen.2019.102213
mh11NH-18	MHDBM-c221d515	GRCh38	chr11	60929411,60929455,60929496	2.1087	0.0590	0.0016	10.1016/j.legalmed.2015.06.003
mh11NH-19	MHDBM-9b0f1170	GRCh38	chr11	60929640,60929665,60929689	2.1420	0.1614	0.1055	10.1016/j.legalmed.2015.06.003
mh11USC-11qA	MHDBM-50f0463e	GRCh38	chr11	70096117,70096120	2.8109	0.0998	0.0743	10.1016/j.fsigen.2019.102213
mh11KK-037	MHDBM-2cddd3a7	GRCh38	chr11	72558169,72558257,72558302	2.3053	0.1492	0.1558	ALFRED
mh11KK-187	MHDBM-19b49670	GRCh38	chr11	79236550,79236579,79236599,79236731	2.6600	0.2458	0.1572	ALFRED
mh11KK-191	MHDBM-c19be300	GRCh38	chr11	100009430,100009491,100009549,100009619	3.1321	0.1755	0.0746	ALFRED
mh11AT-22	MHDBM-67f0b23b	GRCh38	chr11	100009430,100009491	2.1826	0.0922	0.0491	ISFG2019:P597
mh11USC-11qB	MHDBM-cc78718a	GRCh38	chr11	102727843,102727855,102727868,102727923	3.0390	0.1335	0.0106	10.1016/j.fsigen.2019.102213
mh11KK-092	MHDBM-12397e44	GRCh38	chr11	113194301,113194570,113194596	3.0079	0.1017	-0.0278	ALFRED
mh11KK-038	MHDBM-0de44dd7	GRCh38	chr11	113240778,113240942	2.3550	0.0988	0.0906	ALFRED
mh11KK-039	MHDBM-9db622f8	GRCh38	chr11	113340606,113340647	2.4973	0.0982	-0.0590	ALFRED
mh11KK-040	MHDBM-3d69621c	GRCh38	chr11	113393747,113393788	2.3026	0.1810	0.1008	ALFRED
mh11AT-23	MHDBM-3d69621c	GRCh38	chr11	113393747,113393788	2.3026	0.1810	0.1008	ISFG2019:P597
mh11KK-089	MHDBM-b4e02ca7	GRCh38	chr11	113411552,113411572	2.3311	0.0770	0.0775	ALFRED
mh11KK-041	MHDBM-b89e7c23	GRCh38	chr11	113412736,113412754	2.3966	0.1212	0.0976	ALFRED
mh11KK-103	MHDBM-ea10d42c	GRCh38	chr11	113418314,113418343,113418459,113418575	2.5799	0.2370	0.0478	ALFRED
mh11KK-090	MHDBM-f67cb0d4	GRCh38	chr11	113425551,113425563	1.5968	0.0751	-0.0285	ALFRED
mh11KK-091	MHDBM-d896ebf8	GRCh38	chr11	113475528,113475628	1.8058	0.1445	0.2072	ALFRED
mh11USC-11qC	MHDBM-e7b73270	GRCh38	chr11	129407382,129407396,129407418	3.0790	0.0940	-0.0298	10.1016/j.fsigen.2019.102213
mh12CP-008	MHDBM-003a7083	GRCh38	chr12	1996655,1996658,1996688	4.1092	0.0918	0.0172	ALFRED
mh12NH-20	MHDBM-762a0625	GRCh38	chr12	2201285,2201362,2201384,2201449	1.7802	0.0178	-0.0286	10.1016/j.legalmed.2015.06.003
mh12KK-043	MHDBM-be819645	GRCh38	chr12	3599332,3599379,3599442	2.4609	0.1136	0.1510	ALFRED
mh12USC-12pA	MHDBM-d8af0d64	GRCh38	chr12	6471061,6471082,6471106,6471147	3.5261	0.2100	-0.0562	10.1016/j.fsigen.2019.102213
mh12KK-092	MHDBM-d13e1d9a	GRCh38	chr12	6796014,6796097	1.9462	0.0471	-0.1244	ALFRED
mh12USC-12pB	MHDBM-734a9296	GRCh38	chr12	29994612,29994629,29994637	2.9231	0.1099	0.0390	10.1016/j.fsigen.2019.102213
mh12KK-202	MHDBM-29c66960	GRCh38	chr12	30017295,30017372,30017425,30017448	3.1564	0.0962	0.0309	ALFRED
mh12AT-24	MHDBM-49fa0a39	GRCh38	chr12	30017372,30017425,30017448	3.0616	0.0748	0.0295	ISFG2019:P597
mh12USC-12qA	MHDBM-d70a81c4	GRCh38	chr12	40392916,40392929,40392949	3.5284	0.0532	0.0947	10.1016/j.fsigen.2019.102213
mh12USC-12qB	MHDBM-b12bc2a2	GRCh38	chr12	68114495,68114515,68114543,68114572	4.0409	0.2835	0.1527	10.1016/j.fsigen.2019.102213
mh12CP-007	MHDBM-f1a1d544	GRCh38	chr12	68895968,68895985,68895994	2.8523	0.0898	0.1218	10.1016/j.fsigen.2019.02.018
mh12USC-12qC	MHDBM-5d875c46	GRCh38	chr12	95767416,95767428,95767482,95767486	3.6260	0.2453	-0.0493	10.1016/j.fsigen.2019.102213
mh12KK-093	MHDBM-5654cadc	GRCh38	chr12	102821069,102821124	1.5134	0.1833	0.2320	ALFRED
mh12KK-045	MHDBM-596da7ff	GRCh38	chr12	102866855,102867040	2.3015	0.2104	0.1726	ALFRED
mh12KK-042	MHDBM-f4df5b1c	GRCh38	chr12	111555907,111556081	2.0035	0.2313	0.1965	ALFRED
mh12KK-046	MHDBM-8a9913c2	GRCh38	chr12	118451682,118451753	3.1163	0.1358	0.2188	ALFRED
mh12AT-25	MHDBM-8a9913c2	GRCh38	chr12	118451682,118451753	3.1163	0.1358	0.2188	ISFG2019:P597
mh12CP-003	MHDBM-26405ce1	GRCh38	chr12	129135548,129135549,129135561	2.9323	0.0773	0.0268	10.1016/j.fsigen.2019.02.018
mh13KK-213	MHDBM-d5615acf	GRCh38	chr13	23191401,23191495,23191541	4.0188	0.1518	0.0097	ALFRED
mh13AT-26	MHDBM-3dff744b	GRCh38	chr13	23191461,23191495,23191541	3.5316	0.1635	0.0459	ISFG2019:P597
mh13CP-008	MHDBM-021d5e78	GRCh38	chr13	24343962,24343985,24343993	3.0655	0.1661	0.0808	ALFRED
mh13CP-010	MHDBM-13233c9a	GRCh38	chr13	29218044,29218055,29218076	2.8783	0.0775	-0.0373	10.1016/j.fsigen.2019.02.018
mh13USC-13qA	MHDBM-31aaadda	GRCh38	chr13	32979441,32979488,32979489,32979510	4.4067	0.1615	-0.0276	10.1016/j.fsigen.2019.102213
mh13KK-217	MHDBM-58fe77e7	GRCh38	chr13	46291794,46291834,46291948,46291986	4.4789	0.1662	0.0045	ALFRED
mh13AT-27	MHDBM-43558871	GRCh38	chr13	46291948,46291986	2.5160	0.0614	0.0532	ISFG2019:P597
mh13KK-047	MHDBM-77c0086f	GRCh38	chr13	50313423,50313588	2.3896	0.1949	0.0929	ALFRED
mh13KK-218	MHDBM-d645f595	GRCh38	chr13	53486691,53486745,53486756,53486836	7.2252	0.2687	0.0217	ALFRED
mh13USC-13qB	MHDBM-ed4ee582	GRCh38	chr13	63435472,63435478,63435498,63435532	3.7038	0.1532	0.0396	10.1016/j.fsigen.2019.102213
mh13KK-225	MHDBM-4f77d482	GRCh38	chr13	66138599,66138657,66138695	3.4264	0.1181	0.1108	ALFRED
mh13LV-10	MHDBM-c831d388	GRCh38	chr13	70291859,70291862,70291863,70291871,70291875,70291919,70291931,70291932,70291933,70291934,70291946,70291965,70291983,70291990,70291999,70292013,70292052	9.6136	0.5320	0.0235	10.1016/j.fsigen.2018.05.001
mh13USC-13qC	MHDBM-bc455428	GRCh38	chr13	85333526,85333532,85333537,85333544	3.0932	0.1236	0.0445	10.1016/j.fsigen.2019.102213
mh13KK-226	MHDBM-7b8c12e3	GRCh38	chr13	94894395,94894512	2.0022	0.2116	0.2554	ALFRED
mh13KK-223	MHDBM-4088f2e4	GRCh38	chr13	110154351,110154394,110154411,110154504	4.0458	0.1173	0.0870	ALFRED
mh13AT-30	MHDBM-d953450d	GRCh38	chr13	110154351,110154394,110154411	3.2630	0.0628	0.0877	ISFG2019:P597
mh13USC-13qD	MHDBM-780fecae	GRCh38	chr13	111435605,111435617,111435623,111435672	4.2401	0.1535	0.0101	10.1016/j.fsigen.2019.102213
mh14KK-068	MHDBM-80e639ec	GRCh38	chr14	21157082,21157102	2.4191	0.1268	-0.0516	ALFRED
mh14USC-14qA	MHDBM-79bac712	GRCh38	chr14	25255022,25255041,25255048	3.3716	0.1078	0.0604	10.1016/j.fsigen.2019.102213
mh14PK-72639	MHDBM-5548fd05	GRCh38	chr14	32203273,32203274,32203277,32203278,32203291,32203302,32203309,32203320,32203323	3.3837	0.2055	0.0585	10.1016/j.fsigen.2018.05.008
mh14CP-003	MHDBM-64b4bc49	GRCh38	chr14	32686114,32686138,32686149	3.2536	0.1494	0.0480	ALFRED
mh14NH-21	MHDBM-4551977f	GRCh38	chr14	33520990,33521031,33521083	2.8950	0.0802	0.0807	10.1016/j.legalmed.2015.06.003
mh14CP-004	MHDBM-ae195b06	GRCh38	chr14	38976183,38976202,38976225	2.8969	0.1056	0.1506	ALFRED
mh14USC-14qB	MHDBM-e0f71b0d	GRCh38	chr14	51779876,51779937,51779953	2.9561	0.1043	0.0593	10.1016/j.fsigen.2019.102213
mh14NH-22	MHDBM-ddf31276	GRCh38	chr14	68910057,68910092,68910129	1.6218	0.0976	0.0909	10.1016/j.legalmed.2015.06.003
mh14KK-048	MHDBM-74c13a43	GRCh38	chr14	73783853,73784011	2.7891	0.1681	0.0931	ALFRED
mh14USC-14qC	MHDBM-5fe662c9	GRCh38	chr14	76167613,76167623,76167667	2.8581	0.1645	0.1156	10.1016/j.fsigen.2019.102213
mh14USC-14qD	MHDBM-14040a39	GRCh38	chr14	97762484,97762487,97762497	2.8059	0.2005	0.1847	10.1016/j.fsigen.2019.102213
mh14KK-101	MHDBM-132db0af	GRCh38	chr14	105543139,105543234	1.7532	0.3666	0.4969	ALFRED
mh15PK-75170	MHDBM-dc55cd9e	GRCh38	chr15	24802313,24802319,24802320,24802331,24802336,24802338,24802344,24802348,24802364,24802366,24802374,24802376,24802379				10.1016/j.fsigen.2018.05.008
mh15KK-068	MHDBM-10135880	GRCh38	chr15	27951674,27951890	1.8539	0.2901	0.1034	ALFRED
mh15KK-069	MHDBM-b18948cd	GRCh38	chr15	27984950,27985037	2.1636	0.2302	0.2762	ALFRED
mh15KK-058	MHDBM-d6c594d2	GRCh38	chr15	28120284,28120471,28120586	2.2110	0.3799	0.0862	ALFRED
mh15USC-15qA	MHDBM-70d85d8a	GRCh38	chr15	33639028,33639029,33639063,33639111	3.8458	0.1564	0.1224	10.1016/j.fsigen.2019.102213
mh15CP-001	MHDBM-e74afe73	GRCh38	chr15	40076158,40076160,40076162	3.3690	0.0683	-0.0678	ALFRED
mh15CP-004	MHDBM-3bd729bb	GRCh38	chr15	43509825,43509839,43509872	2.2061	0.2382	0.2168	ALFRED
mh15KK-067	MHDBM-e14f7d72	GRCh38	chr15	46578535,46578656	2.9062	0.1986	0.1106	ALFRED
mh15AT-31	MHDBM-2374bfc6	GRCh38	chr15	46578535,46578630,46578656	3.3742	0.2110	0.0716	ISFG2019:P597
mh15CP-003	MHDBM-c2b1818c	GRCh38	chr15	47831252,47831292,47831295	2.0431	0.1915	0.0265	ALFRED
mh15KK-095	MHDBM-8efcee47	GRCh38	chr15	48122771,48122870	1.9264	0.1947	0.3359	ALFRED
mh15KK-066	MHDBM-882c69bf	GRCh38	chr15	52192752,52192826	3.1079	0.1340	0.1765	ALFRED
mh15AT-32	MHDBM-882c69bf	GRCh38	chr15	52192752,52192826	3.1079	0.1340	0.1765	ISFG2019:P597
mh15USC-15qB	MHDBM-956e152a	GRCh38	chr15	61473268,61473320,61473326	2.8538	0.1972	0.1434	10.1016/j.fsigen.2019.102213
mh15KK-104	MHDBM-10729ce3	GRCh38	chr15	63806357,63806413,63806494	2.3577	0.2823	0.2426	ALFRED
mh15USC-15qC	MHDBM-bdbaeb04	GRCh38	chr15	80292254,80292324,80292331	3.0501	0.2069	0.1532	10.1016/j.fsigen.2019.102213
mh15USC-15qD	MHDBM-e182c338	GRCh38	chr15	97712697,97712703,97712738,97712747	2.8421	0.2805	0.2047	10.1016/j.fsigen.2019.102213
mh16KK-049	MHDBM-9da28473	GRCh38	chr16	7159206,7159245,7159265,7159309,7159379	4.4743	0.1576	0.0548	ALFRED
mh16AT-33	MHDBM-830c34ca	GRCh38	chr16	7159206,7159245,7159265	2.9913	0.1240	0.0848	ISFG2019:P597
mh16KK-302	MHDBM-3a410e27	GRCh38	chr16	7537731,7537743,7537801,7537844	3.0255	0.2461	0.1498	ALFRED
mh16CP-001	MHDBM-4d9f4854	GRCh38	chr16	8781671,8781673,8781687,8781727,8781747	3.4305	0.1054	0.1348	10.1016/j.fsigen.2019.02.018
mh16USC-16pA	MHDBM-a364c34b	GRCh38	chr16	9581410,9581419,9581424,9581450	3.0909	0.1981	0.0471	10.1016/j.fsigen.2019.102213
mh16USC-16pB	MHDBM-ed27afef	GRCh38	chr16	24314926,24314936	2.6670	0.0751	0.0574	10.1016/j.fsigen.2019.102213
mh16KK-053	MHDBM-80528774	GRCh38	chr16	31087678,31087689	1.4044	0.4380	0.3117	ALFRED
mh16USC-16qA	MHDBM-c0a82420	GRCh38	chr16	60999359,60999366,60999375	3.0070	0.1408	0.0965	10.1016/j.fsigen.2019.102213
mh16PK-83362	MHDBM-7303e6d0	GRCh38	chr16	77999242,77999261,77999270,77999274,77999281,77999282,77999288,77999291	2.3252	0.1388	0.3857	10.1016/j.fsigen.2018.05.008
mh16KK-255	MHDBM-d61ecba6	GRCh38	chr16	81936747,81936760,81936801,81936889	3.7200	0.1733	0.0491	ALFRED
mh16AT-34	MHDBM-6da45cf1	GRCh38	chr16	81936801,81936842,81936865	3.6395	0.1712	0.0537	ISFG2019:P597
mh16USC-16qB	MHDBM-a611b4d9	GRCh38	chr16	82548846,82548921,82548934	3.1520	0.1025	0.0839	10.1016/j.fsigen.2019.102213
mh16PK-83483	MHDBM-51163f6e	GRCh38	chr16	84516828,84516829,84516830,84516845,84516874,84516880,84516887,84516893,84516898	2.9703	0.2089	0.1535	10.1016/j.fsigen.2018.05.008
mh16PK-83544	MHDBM-c80956b4	GRCh38	chr16	85934074,85934082,85934105,85934115,85934128,85934137	3.1307	0.1018	0.0694	10.1016/j.fsigen.2018.05.008
mh16KK-061	MHDBM-4cc47c4a	GRCh38	chr16	87447772,87447821	2.5816	0.2182	0.1120	ALFRED
mh16KK-062	MHDBM-69423f7f	GRCh38	chr16	87468088,87468129,87468385	2.3562	0.3633	0.3843	ALFRED
mh16KK-096	MHDBM-7dacf420	GRCh38	chr16	89919708,89919745	1.3676	0.2152	0.3973	ALFRED
mh17CP-002	MHDBM-cee77cfe	GRCh38	chr17	2036207,2036208,2036248	2.5303	0.1619	0.0419	10.1016/j.fsigen.2019.02.018
mh17USC-17pA	MHDBM-d5646523	GRCh38	chr17	3918624,3918658,3918693	2.9956	0.2630	0.2001	10.1016/j.fsigen.2019.102213
mh17KK-014	MHDBM-83a239de	GRCh38	chr17	4497060,4497088,4497096	2.0215	0.6423	0.3014	ALFRED
mh17CP-001	MHDBM-9d093450	GRCh38	chr17	11308466,11308492,11308502	3.4663	0.0681	-0.0312	ALFRED
mh17CP-006	MHDBM-6ca2e148	GRCh38	chr17	15385768,15385781,15385817	3.0788	0.0582	-0.0241	ALFRED
mh17CP-005	MHDBM-28426531	GRCh38	chr17	19715705,19715739,19715749	3.3227	0.1033	0.0172	ALFRED
mh17USC-17qA	MHDBM-cd7a9041	GRCh38	chr17	27762200,27762204,27762238,27762287	3.5538	0.0604	-0.0283	10.1016/j.fsigen.2019.102213
mh17KK-052	MHDBM-c36ecfec	GRCh38	chr17	45394954,45395140	2.7946	0.0848	0.0216	ALFRED
mh17KK-076	MHDBM-c1787548	GRCh38	chr17	45658111,45658151	1.2002	0.0651	0.0617	ALFRED
mh17KK-077	MHDBM-40474c38	GRCh38	chr17	45777789,45777861	2.0724	0.0982	0.0272	ALFRED
mh17KK-105	MHDBM-78a6dffc	GRCh38	chr17	45996522,45996606,45996651	1.3010	0.0700	0.0370	ALFRED
mh17KK-053	MHDBM-46b4a872	GRCh38	chr17	47618465,47618547	2.1412	0.0603	0.0939	ALFRED
mh17KK-054	MHDBM-f4474b7c	GRCh38	chr17	49209704,49209746	2.7398	0.0523	0.0337	ALFRED
mh17AT-35	MHDBM-f4474b7c	GRCh38	chr17	49209704,49209746	2.7398	0.0523	0.0337	ISFG2019:P597
mh17USC-17qB	MHDBM-628beaf4	GRCh38	chr17	51372404,51372415,51372451	3.2754	0.1422	0.1412	10.1016/j.fsigen.2019.102213
mh17KK-272	MHDBM-5869366c	GRCh38	chr17	54865066,54865094,54865129,54865196	3.0672	0.1099	-0.0101	ALFRED
mh17AT-36	MHDBM-bbf04f30	GRCh38	chr17	54865066,54865094	2.3146	0.0493	-0.0358	ISFG2019:P597
mh17KK-110	MHDBM-f8c66ec0	GRCh38	chr17	55486420,55486611	1.5197	0.0634	-0.0759	ALFRED
mh17KK-055	MHDBM-97f41f6a	GRCh38	chr17	78232489,78232548	2.7745	0.0293	0.0317	ALFRED
mh17USC-17qC	MHDBM-c9406681	GRCh38	chr17	80946036,80946058,80946091,80946119	3.3880	0.0956	-0.0863	10.1016/j.fsigen.2019.102213
mh18PK-87558	MHDBM-1e5374f1	GRCh38	chr18	1960542,1960557,1960561,1960566,1960582,1960588	2.3659	0.1325	0.0494	10.1016/j.fsigen.2018.05.008
mh18USC-18pA	MHDBM-56dfa93b	GRCh38	chr18	5280017,5280020,5280070,5280071,5280093	3.4330	0.2130	0.1818	10.1016/j.fsigen.2019.102213
mh18CP-005	MHDBM-a85754d3	GRCh38	chr18	8892864,8892893,8892896,8892907	3.6722	0.0904	0.0059	ALFRED
mh18KK-285	MHDBM-ea520d26	GRCh38	chr18	24557354,24557431,24557447,24557489	2.7524	0.1721	0.0836	ALFRED
mh18AT-38	MHDBM-db09ec41	GRCh38	chr18	24557431,24557447,24557489	2.7093	0.1419	0.0837	ISFG2019:P597
mh18CP-003	MHDBM-6fdf83f9	GRCh38	chr18	25488431,25488461,25488469	3.1124	0.1061	0.0183	ALFRED
mh18USC-18qA	MHDBM-010d0f9c	GRCh38	chr18	31141606,31141609,31141623	2.8734	0.0847	0.1773	10.1016/j.fsigen.2019.102213
mh18USC-18qB	MHDBM-14fcada5	GRCh38	chr18	53021128,53021158,53021170	3.1683	0.1449	0.0500	10.1016/j.fsigen.2019.102213
mh18USC-18qC	MHDBM-6bf74efc	GRCh38	chr18	66175286,66175304,66175320,66175325	3.2513	0.1436	-0.0049	10.1016/j.fsigen.2019.102213
mh18KK-293	MHDBM-13ed6da8	GRCh38	chr18	78329885,78329906,78329944,78329967	4.0036	0.2495	0.0837	ALFRED
mh18AT-39	MHDBM-13ed6da8	GRCh38	chr18	78329885,78329906,78329944,78329967	4.0036	0.2495	0.0837	ISFG2019:P597
mh19USC-19pA	MHDBM-2d713eab	GRCh38	chr19	561778,561795,561815	2.7453	0.0870	0.0733	10.1016/j.fsigen.2019.102213
mh19KK-056	MHDBM-d6ff8635	GRCh38	chr19	4852124,4852324	2.4391	0.0773	0.1760	ALFRED
mh19CP-007	MHDBM-49dbcc57	GRCh38	chr19	14310739,14310772,14310780	3.0813	0.0466	0.0776	ALFRED
mh19USC-19pB	MHDBM-76427274	GRCh38	chr19	16040864,16040894,16040899,16040921,16040929	3.5107	0.1647	0.0731	10.1016/j.fsigen.2019.102213
mh19NH-23	MHDBM-dd72537b	GRCh38	chr19	22052723,22052774,22052817	1.9380	0.0414	-0.0124	10.1016/j.legalmed.2015.06.003
mh19KK-299	MHDBM-8cbeb11c	GRCh38	chr19	22546697,22546748,22546779,22546810,22546850	4.1592	0.2335	0.1102	ALFRED
mh19AT-47	MHDBM-8f439540	GRCh38	chr19	22546697,22546748,22546779	2.4025	0.1298	0.1170	ISFG2019:P597
mh19USC-19qA	MHDBM-f757e745	GRCh38	chr19	33273771,33273785,33273811,33273816	3.3219	0.1127	0.0880	10.1016/j.fsigen.2019.102213
mh19KK-301	MHDBM-2069446a	GRCh38	chr19	50938487,50938502,50938526,50938550	1.9707	0.2673	0.1698	ALFRED
mh19KK-057	MHDBM-eb558c37	GRCh38	chr19	51654948,51655025,51655062	2.3266	0.0667	0.0428	ALFRED
mh19USC-19qB	MHDBM-7b40359b	GRCh38	chr19	53714387,53714389,53714413	4.0756	0.1368	0.0163	10.1016/j.fsigen.2019.102213
mh20KK-035	MHDBM-92f3685a	GRCh38	chr20	2088698,2088728	2.1328	0.2104	0.2180	ALFRED
mh20LV-04	MHDBM-ee1a008b	GRCh38	chr20	5665884,5665895,5665899,5665903,5665905,5665906,5665910,5665911,5665915,5665939,5665944,5665948,5665953,5665958,5665975,5665978,5665982,5665989,5665993,5666004,5666005,5666006,5666011,5666031,5666033,5666037,5666041,5666047,5666048,5666054,5666057,5666074,5666101,5666108,5666109,5666120,5666125,5666134,5666137,5666138,5666141,5666143,5666155,5666166,5666178,5666195,5666220,5666225,5666233	24.2601	0.9019	0.0059	10.1016/j.fsigen.2018.05.001
mh20USC-20pA	MHDBM-fa52795b	GRCh38	chr20	8829401,8829409,8829412,8829475	3.1170	0.1758	0.1826	10.1016/j.fsigen.2019.102213
mh20KK-307	MHDBM-939f71a0	GRCh38	chr20	16532614,16532670,16532696,16532754	3.6919	0.1553	0.0647	ALFRED
mh20AT-40	MHDBM-3691d88c	GRCh38	chr20	16532614,16532670,16532696	3.2336	0.1138	0.0392	ISFG2019:P597
mh20USC-20pB	MHDBM-fa9bf81b	GRCh38	chr20	23104395,23104401,23104453	2.2363	0.1283	0.0781	10.1016/j.fsigen.2019.102213
mh20NH-24	MHDBM-49e3d308	GRCh38	chr20	23565698,23565724,23565752	1.8249	0.0823	0.0955	10.1016/j.legalmed.2015.06.003
mh20NH-25	MHDBM-97598f06	GRCh38	chr20	23566233,23566272,23566303	2.4653	0.1827	0.0107	10.1016/j.legalmed.2015.06.003
mh20USC-20qA	MHDBM-2d438adf	GRCh38	chr20	39401688,39401696,39401709	2.9375	0.1607	0.0594	10.1016/j.fsigen.2019.102213
mh20NH-26	MHDBM-d01dcc53	GRCh38	chr20	45330145,45330209,45330231	2.5503	0.0680	0.0833	10.1016/j.legalmed.2015.06.003
mh20KK-058	MHDBM-a5b17521	GRCh38	chr20	50227722,50227755,50227827	2.7342	0.1250	0.1605	ALFRED
mh20KK-059	MHDBM-214bcf7b	GRCh38	chr20	61128861,61128957	2.0291	0.0291	0.0328	ALFRED
mh20USC-20qB	MHDBM-3802c468	GRCh38	chr20	62516293,62516304,62516313,62516338	3.2928	0.1384	-0.0783	10.1016/j.fsigen.2019.102213
mh20KK-016	MHDBM-723361d8	GRCh38	chr20	63539944,63539991,63540067,63540153,63540202	2.6174	0.6041	0.2224	ALFRED
mh21USC-21qA	MHDBM-d0b1a9c2	GRCh38	chr21	14526884,14526901,14526930,14526953	3.2786	0.1775	0.2061	10.1016/j.fsigen.2019.102213
mh21KK-315	MHDBM-e965ffea	GRCh38	chr21	20507773,20507878,20507918	4.3647	0.1292	0.0584	ALFRED
mh21AT-41	MHDBM-b7d5b650	GRCh38	chr21	20507878,20507918	3.3100	0.0731	0.0500	ISFG2019:P597
mh21KK-316	MHDBM-0c544728	GRCh38	chr21	26410648,26410672,26410719,26410782	3.1248	0.2549	0.1599	ALFRED
mh21USC-21qB	MHDBM-f61f047b	GRCh38	chr21	38923139,38923144,38923165	2.8829	0.1349	0.0896	10.1016/j.fsigen.2019.102213
mh21PK-MX1s	MHDBM-c2dc67e9	GRCh38	chr21	41464744,41464757,41464801,41464823	2.0415	0.1729	0.0406	10.1016/j.fsigen.2018.05.008
mh21KK-320	MHDBM-c41fae2b	GRCh38	chr21	41642698,41642768,41642857,41642883	5.0586	0.1583	0.1483	ALFRED
mh21AT-43	MHDBM-6f6edd94	GRCh38	chr21	41642698,41642768	2.7427	0.0372	0.1681	ISFG2019:P597
mh21KK-313	MHDBM-922a888f	GRCh38	chr21	42522024,42522138,42522196	2.5316	0.2669	0.1623	ALFRED
mh21KK-324	MHDBM-eb207470	GRCh38	chr21	45294633,45294725,45294776,45294791	4.5506	0.3071	0.1036	ALFRED
mh21AT-44	MHDBM-6d9a901e	GRCh38	chr21	45294725,45294776	2.9555	0.0938	0.0553	ISFG2019:P597
mh22KK-303	MHDBM-75e3582d	GRCh38	chr22	19962711,19962739,19962744,19962805	2.1515	0.0970	0.1844	ALFRED
mh22KK-060	MHDBM-e1ccbf64	GRCh38	chr22	19963683,19963747	2.6399	0.0779	0.1259	ALFRED
mh22AT-45	MHDBM-7624d794	GRCh38	chr22	19963683,19963713,19963747	2.8240	0.0986	0.1102	ISFG2019:P597
mh22NH-27	MHDBM-491bb888	GRCh38	chr22	23075490,23075525,23075571	2.9133	0.1174	0.1069	10.1016/j.legalmed.2015.06.003
mh22USC-22qA	MHDBM-5cea4aef	GRCh38	chr22	30404315,30404322,30404348,30404378	3.5543	0.1539	0.0214	10.1016/j.fsigen.2019.102213
mh22KK-064	MHDBM-53d32baf	GRCh38	chr22	36265795,36265859,36265987,36265994	1.6706	0.1775	0.1321	ALFRED
mh22KK-069	MHDBM-99bbe257	GRCh38	chr22	41333211,41333289	2.1164	0.2278	0.2542	ALFRED
mh22KK-061	MHDBM-798d33f6	GRCh38	chr22	44367725,44367770,44367871	3.5666	0.0711	0.0309	ALFRED
mh22AT-46	MHDBM-e9b29778	GRCh38	chr22	44367725,44367770	2.5314	0.0275	0.0202	ISFG2019:P597
mh22PK-104638	MHDBM-eb63e78f	GRCh38	chr22	44857882,44857883,44857884,44857891,44857892,44857893,44857907,44857930,44857946,44857949,44857950,44857954				10.1016/j.fsigen.2018.05.008
mh22USC-22qB	MHDBM-84c38e1d	GRCh38	chr22	48665163,48665174,48665181,48665203,48665215	4.3459	0.2916	0.1590	10.1016/j.fsigen.2019.102213
mh0XUSC-XpA	MHDBM-a01902db	GRCh38	chrX	5459544,5459573,5459583	2.6707	0.2170	-0.3302	10.1016/j.fsigen.2019.102213
mh0XUSC-XpB	MHDBM-4de0816f	GRCh38	chrX	12199350,12199375,12199397	2.6792	0.1952	-0.0391	10.1016/j.fsigen.2019.102213
mh0XUSC-XpC	MHDBM-4c1069ee	GRCh38	chrX	22545206,22545208,22545232,22545253	2.7455	0.1328	-0.8135	10.1016/j.fsigen.2019.102213
mh0XUSC-XqA	MHDBM-e0f4370e	GRCh38	chrX	71145054,71145135	2.3045	0.1627	-0.1094	10.1016/j.fsigen.2019.102213
mh0XUSC-XqB	MHDBM-0eb4ebe1	GRCh38	chrX	79887503,79887505,79887511	2.4863	0.2666	-0.3378	10.1016/j.fsigen.2019.102213
mh0XUSC-XqC	MHDBM-7afc571c	GRCh38	chrX	86322184,86322186,86322256	2.3879	0.1110	-0.8114	10.1016/j.fsigen.2019.102213
mh0XUSC-XqD	MHDBM-d52d6e67	GRCh38	chrX	94276382,94276409,94276443				10.1016/j.fsigen.2019.102213
mh0XUSC-XqE	MHDBM-2a78923d	GRCh38	chrX	112447273,112447278	2.1523	0.1242	-0.5646	10.1016/j.fsigen.2019.102213
mh0XUSC-XqF	MHDBM-6ce44345	GRCh38	chrX	120209670,120209745	1.8426	0.2895	0.1942	10.1016/j.fsigen.2019.102213
mh0XUSC-XqG	MHDBM-2422b08b	GRCh38	chrX	138369266,138369277,138369296	2.8205	0.1976	-0.6026	10.1016/j.fsigen.2019.102213
mh0XUSC-XqH	MHDBM-cba70b3c	GRCh38	chrX	146934523,146934534,146934544	2.5473	0.2613	-0.2572	10.1016/j.fsigen.2019.102213
