ID	Reference	Chrom	Position	Alleles	Source
MHDBV000000001	GRCh38	chr1	1551453	A,C	dbSNP151
MHDBV000000002	GRCh38	chr1	1551522	C,T	dbSNP151
MHDBV000000003	GRCh38	chr1	1551678	A,G	dbSNP151
MHDBV000000004	GRCh38	chr1	3826567	C,T	dbSNP151
MHDBV000000005	GRCh38	chr1	3826754	A,G	dbSNP151
MHDBV000000006	GRCh38	chr1	3826785	C,G	dbSNP151
MHDBV000000007	GRCh38	chr1	3826826	C,G,T	dbSNP151
MHDBV000000008	GRCh38	chr1	4167403	C,T	dbSNP151
MHDBV000000009	GRCh38	chr1	4167500	A,G	dbSNP151
MHDBV000000010	GRCh38	chr1	4167563	A,G	dbSNP151
MHDBV000000011	GRCh38	chr1	4167573	A,G	dbSNP151
MHDBV000000012	GRCh38	chr1	11794399	A,G	dbSNP151
MHDBV000000013	GRCh38	chr1	11794418	G,T	dbSNP151
MHDBV000000014	GRCh38	chr1	12788891	A,G	dbSNP151
MHDBV000000015	GRCh38	chr1	12788904	A,C	dbSNP151
MHDBV000000016	GRCh38	chr1	12788907	A,G	dbSNP151
MHDBV000000017	GRCh38	chr1	14503432	A,G	dbSNP151
MHDBV000000018	GRCh38	chr1	14503434	C,G	dbSNP151
MHDBV000000019	GRCh38	chr1	14503448	A,C,T	dbSNP151
MHDBV000000020	GRCh38	chr1	18396197	C,T	dbSNP151
MHDBV000000021	GRCh38	chr1	18396218	C,T	dbSNP151
MHDBV000000022	GRCh38	chr1	18396306	A,C,G	dbSNP151
MHDBV000000023	GRCh38	chr1	18396351	A,G,T	dbSNP151
MHDBV000000024	GRCh38	chr1	22815857	C,T	dbSNP151
MHDBV000000025	GRCh38	chr1	22816002	C,T	dbSNP151
MHDBV000000026	GRCh38	chr1	55559012	A,T	dbSNP151
MHDBV000000027	GRCh38	chr1	55559050	A,G	dbSNP151
MHDBV000000028	GRCh38	chr1	55559056	A,G	dbSNP151
MHDBV000000029	GRCh38	chr1	60999611	C,T	dbSNP151
MHDBV000000030	GRCh38	chr1	60999616	A,G,T	dbSNP151
MHDBV000000031	GRCh38	chr1	60999641	C,T	dbSNP151
MHDBV000000032	GRCh38	chr1	75723759	A,C,T	dbSNP151
MHDBV000000033	GRCh38	chr1	75723802	C,G	dbSNP151
MHDBV000000034	GRCh38	chr1	161985865	A,G	dbSNP151
MHDBV000000035	GRCh38	chr1	161985967	C,T	dbSNP151
MHDBV000000036	GRCh38	chr1	161986013	C,T	dbSNP151
MHDBV000000037	GRCh38	chr1	204664211	A,C,T	dbSNP151
MHDBV000000038	GRCh38	chr1	204664268	A,G	dbSNP151
MHDBV000000039	GRCh38	chr1	204664371	C,G,T	dbSNP151
MHDBV000000040	GRCh38	chr1	204664397	C,T	dbSNP151
MHDBV000000041	GRCh38	chr1	216461085	A,G	dbSNP151
MHDBV000000042	GRCh38	chr1	216461102	A,G	dbSNP151
MHDBV000000043	GRCh38	chr1	230684604	A,G	dbSNP151
MHDBV000000044	GRCh38	chr1	230684831	A,G	dbSNP151
MHDBV000000045	GRCh38	chr1	230684858	G,T	dbSNP151
MHDBV000000046	GRCh38	chr1	230684883	A,G	dbSNP151
MHDBV000000047	GRCh38	chr1	234206032	A,G	dbSNP151
MHDBV000000048	GRCh38	chr1	234206320	A,G	dbSNP151
MHDBV000000049	GRCh38	chr10	3120217	A,C,G,T	dbSNP151
MHDBV000000050	GRCh38	chr10	3120230	A,G	dbSNP151
MHDBV000000051	GRCh38	chr10	3120293	A,G	dbSNP151
MHDBV000000052	GRCh38	chr10	3120332	C,T	dbSNP151
MHDBV000000053	GRCh38	chr10	3120476	C,G,T	dbSNP151
MHDBV000000054	GRCh38	chr10	14166361	C,G,T	dbSNP151
MHDBV000000055	GRCh38	chr10	14166510	A,G	dbSNP151
MHDBV000000056	GRCh38	chr10	14166588	C,T	dbSNP151
MHDBV000000057	GRCh38	chr10	14166611	C,T	dbSNP151
MHDBV000000058	GRCh38	chr10	14166652	A,C,G,T	dbSNP151
MHDBV000000059	GRCh38	chr10	24304121	C,T	dbSNP151
MHDBV000000060	GRCh38	chr10	24304127	C,T	dbSNP151
MHDBV000000061	GRCh38	chr10	24304146	A,C,T	dbSNP151
MHDBV000000062	GRCh38	chr10	77150283	G,T	dbSNP151
MHDBV000000063	GRCh38	chr10	77150315	A,G	dbSNP151
MHDBV000000064	GRCh38	chr10	77150472	A,G	dbSNP151
MHDBV000000065	GRCh38	chr10	94761816	C,G,T	dbSNP151
MHDBV000000066	GRCh38	chr10	94761899	A,C,T	dbSNP151
MHDBV000000067	GRCh38	chr10	95058348	A,T	dbSNP151
MHDBV000000068	GRCh38	chr10	95058361	A,C,G	dbSNP151
MHDBV000000069	GRCh38	chr10	95067392	C,T	dbSNP151
MHDBV000000070	GRCh38	chr10	95067420	C,T	dbSNP151
MHDBV000000071	GRCh38	chr10	95069672	G,T	dbSNP151
MHDBV000000072	GRCh38	chr10	95069771	A,C	dbSNP151
MHDBV000000073	GRCh38	chr10	105121710	A,G	dbSNP151
MHDBV000000074	GRCh38	chr10	105121752	A,G	dbSNP151
MHDBV000000075	GRCh38	chr10	127392565	C,T	dbSNP151
MHDBV000000076	GRCh38	chr10	127392577	C,G	dbSNP151
MHDBV000000077	GRCh38	chr10	127392596	G,T	dbSNP151
MHDBV000000078	GRCh38	chr10	127392610	C,T	dbSNP151
MHDBV000000079	GRCh38	chr10	127392611	A,C,G,T	dbSNP151
MHDBV000000080	GRCh38	chr10	127392620	A,G	dbSNP151
MHDBV000000081	GRCh38	chr10	127392632	C,T	dbSNP151
MHDBV000000082	GRCh38	chr10	133533422	A,C	dbSNP151
MHDBV000000083	GRCh38	chr10	133533454	A,G	dbSNP151
MHDBV000000084	GRCh38	chr10	133537759	A,G,T	dbSNP151
MHDBV000000085	GRCh38	chr10	133537857	C,G,T	dbSNP151
MHDBV000000086	GRCh38	chr11	247979	C,T	dbSNP151
MHDBV000000087	GRCh38	chr11	247985	C,T	dbSNP151
MHDBV000000088	GRCh38	chr11	247997	C,T	dbSNP151
MHDBV000000089	GRCh38	chr11	248001	A,C,T	dbSNP151
MHDBV000000090	GRCh38	chr11	248009	A,C	dbSNP151
MHDBV000000091	GRCh38	chr11	248015	C,T	dbSNP151
MHDBV000000092	GRCh38	chr11	248035	C,T	dbSNP151
MHDBV000000093	GRCh38	chr11	1669560	A,G	dbSNP151
MHDBV000000094	GRCh38	chr11	1669680	A,C	dbSNP151
MHDBV000000095	GRCh38	chr11	1669738	C,G,T	dbSNP151
MHDBV000000096	GRCh38	chr11	1669753	C,G,T	dbSNP151
MHDBV000000097	GRCh38	chr11	5088715	A,C	dbSNP151
MHDBV000000098	GRCh38	chr11	5088837	A,G	dbSNP151
MHDBV000000099	GRCh38	chr11	5854636	G,T	dbSNP151
MHDBV000000100	GRCh38	chr11	5854653	C,T	dbSNP151
MHDBV000000101	GRCh38	chr11	5854658	G,T	dbSNP151
MHDBV000000102	GRCh38	chr11	21063267	C,T	dbSNP151
MHDBV000000103	GRCh38	chr11	21063268	A,G,T	dbSNP151
MHDBV000000104	GRCh38	chr11	21063292	A,G,T	dbSNP151
MHDBV000000105	GRCh38	chr11	23335742	C,T	dbSNP151
MHDBV000000106	GRCh38	chr11	23335767	A,G	dbSNP151
MHDBV000000107	GRCh38	chr11	23335773	C,T	dbSNP151
MHDBV000000108	GRCh38	chr11	34415814	C,T	dbSNP151
MHDBV000000109	GRCh38	chr11	34415816	C,T	dbSNP151
MHDBV000000110	GRCh38	chr11	34415818	A,G,T	dbSNP151
MHDBV000000111	GRCh38	chr11	34415835	C,T	dbSNP151
MHDBV000000112	GRCh38	chr11	34415836	A,G	dbSNP151
MHDBV000000113	GRCh38	chr11	34415846	G,T	dbSNP151
MHDBV000000114	GRCh38	chr11	34415850	A,T	dbSNP151
MHDBV000000115	GRCh38	chr11	72558169	A,G	dbSNP151
MHDBV000000116	GRCh38	chr11	72558257	C,G,T	dbSNP151
MHDBV000000117	GRCh38	chr11	72558302	G,T	dbSNP151
MHDBV000000118	GRCh38	chr11	79236550	C,G	dbSNP151
MHDBV000000119	GRCh38	chr11	79236579	C,T	dbSNP151
MHDBV000000120	GRCh38	chr11	79236599	C,G	dbSNP151
MHDBV000000121	GRCh38	chr11	79236731	A,G	dbSNP151
MHDBV000000122	GRCh38	chr11	100009430	C,T	dbSNP151
MHDBV000000123	GRCh38	chr11	100009491	A,G	dbSNP151
MHDBV000000124	GRCh38	chr11	100009549	A,G	dbSNP151
MHDBV000000125	GRCh38	chr11	100009619	C,T	dbSNP151
MHDBV000000126	GRCh38	chr11	113194301	A,G	dbSNP151
MHDBV000000127	GRCh38	chr11	113194570	A,G	dbSNP151
MHDBV000000128	GRCh38	chr11	113194596	C,T	dbSNP151
MHDBV000000129	GRCh38	chr11	113240778	C,T	dbSNP151
MHDBV000000130	GRCh38	chr11	113240942	A,G	dbSNP151
MHDBV000000131	GRCh38	chr11	113340606	A,G,T	dbSNP151
MHDBV000000132	GRCh38	chr11	113340647	G,T	dbSNP151
MHDBV000000133	GRCh38	chr11	113393747	A,C,T	dbSNP151
MHDBV000000134	GRCh38	chr11	113393788	C,G	dbSNP151
MHDBV000000135	GRCh38	chr11	113411552	A,C	dbSNP151
MHDBV000000136	GRCh38	chr11	113411572	G,T	dbSNP151
MHDBV000000137	GRCh38	chr11	113412736	A,G	dbSNP151
MHDBV000000138	GRCh38	chr11	113412754	A,G	dbSNP151
MHDBV000000139	GRCh38	chr11	113418314	A,C,G	dbSNP151
MHDBV000000140	GRCh38	chr11	113418343	C,T	dbSNP151
MHDBV000000141	GRCh38	chr11	113418459	C,T	dbSNP151
MHDBV000000142	GRCh38	chr11	113418575	C,T	dbSNP151
MHDBV000000143	GRCh38	chr11	113425551	A,G	dbSNP151
MHDBV000000144	GRCh38	chr11	113425563	C,T	dbSNP151
MHDBV000000145	GRCh38	chr11	113475528	T,TA,TG	dbSNP151
MHDBV000000146	GRCh38	chr11	113475628	C,T	dbSNP151
MHDBV000000147	GRCh38	chr12	1996655	A,C	dbSNP151
MHDBV000000148	GRCh38	chr12	1996658	A,C	dbSNP151
MHDBV000000149	GRCh38	chr12	1996688	A,C,T	dbSNP151
MHDBV000000150	GRCh38	chr12	3599332	C,T	dbSNP151
MHDBV000000151	GRCh38	chr12	3599379	C,T	dbSNP151
MHDBV000000152	GRCh38	chr12	3599442	A,G	dbSNP151
MHDBV000000153	GRCh38	chr12	6796014	C,T	dbSNP151
MHDBV000000154	GRCh38	chr12	6796097	C,T	dbSNP151
MHDBV000000155	GRCh38	chr12	30017295	A,C	dbSNP151
MHDBV000000156	GRCh38	chr12	30017372	A,G	dbSNP151
MHDBV000000157	GRCh38	chr12	30017425	C,T	dbSNP151
MHDBV000000158	GRCh38	chr12	30017448	C,T	dbSNP151
MHDBV000000159	GRCh38	chr12	102821069	A,T	dbSNP151
MHDBV000000160	GRCh38	chr12	102821124	A,T	dbSNP151
MHDBV000000161	GRCh38	chr12	102866855	C,T	dbSNP151
MHDBV000000162	GRCh38	chr12	102867040	C,T	dbSNP151
MHDBV000000163	GRCh38	chr12	111555907	C,T	dbSNP151
MHDBV000000164	GRCh38	chr12	111556081	A,G	dbSNP151
MHDBV000000165	GRCh38	chr12	118451682	A,G,T	dbSNP151
MHDBV000000166	GRCh38	chr12	118451753	A,G	dbSNP151
MHDBV000000167	GRCh38	chr13	23191401	C,T	dbSNP151
MHDBV000000168	GRCh38	chr13	23191495	A,C,G	dbSNP151
MHDBV000000169	GRCh38	chr13	23191541	A,G	dbSNP151
MHDBV000000170	GRCh38	chr13	24343962	C,G	dbSNP151
MHDBV000000171	GRCh38	chr13	24343985	A,G	dbSNP151
MHDBV000000172	GRCh38	chr13	24343993	C,T	dbSNP151
MHDBV000000173	GRCh38	chr13	46291794	A,G	dbSNP151
MHDBV000000174	GRCh38	chr13	46291834	A,G	dbSNP151
MHDBV000000175	GRCh38	chr13	46291948	C,G,T	dbSNP151
MHDBV000000176	GRCh38	chr13	46291986	A,G,T	dbSNP151
MHDBV000000177	GRCh38	chr13	50313423	C,T	dbSNP151
MHDBV000000178	GRCh38	chr13	50313588	C,T	dbSNP151
MHDBV000000179	GRCh38	chr13	53486691	A,C,T	dbSNP151
MHDBV000000180	GRCh38	chr13	53486745	C,T	dbSNP151
MHDBV000000181	GRCh38	chr13	53486756	C,T	dbSNP151
MHDBV000000182	GRCh38	chr13	53486836	A,C,T	dbSNP151
MHDBV000000183	GRCh38	chr13	66138599	A,G	dbSNP151
MHDBV000000184	GRCh38	chr13	66138657	A,C	dbSNP151
MHDBV000000185	GRCh38	chr13	66138695	A,G	dbSNP151
MHDBV000000186	GRCh38	chr13	94894395	C,T	dbSNP151
MHDBV000000187	GRCh38	chr13	94894512	A,G	dbSNP151
MHDBV000000188	GRCh38	chr13	110154351	C,G,T	dbSNP151
MHDBV000000189	GRCh38	chr13	110154394	C,G	dbSNP151
MHDBV000000190	GRCh38	chr13	110154411	C,T	dbSNP151
MHDBV000000191	GRCh38	chr13	110154504	C,T	dbSNP151
MHDBV000000192	GRCh38	chr14	21157082	A,C,T	dbSNP151
MHDBV000000193	GRCh38	chr14	21157102	C,T	dbSNP151
MHDBV000000194	GRCh38	chr14	32203273	A,C,G,T	dbSNP151
MHDBV000000195	GRCh38	chr14	32203274	A,C,G,T	dbSNP151
MHDBV000000196	GRCh38	chr14	32203277	A,C,G,T	dbSNP151
MHDBV000000197	GRCh38	chr14	32203278	A,C,G,T	dbSNP151
MHDBV000000198	GRCh38	chr14	32203291	A,G	dbSNP151
MHDBV000000199	GRCh38	chr14	32203302	C,T	dbSNP151
MHDBV000000200	GRCh38	chr14	32203309	A,G	dbSNP151
MHDBV000000201	GRCh38	chr14	32203320	A,C,G,T	dbSNP151
MHDBV000000202	GRCh38	chr14	32203323	A,C,T	dbSNP151
MHDBV000000203	GRCh38	chr14	32686114	A,G	dbSNP151
MHDBV000000204	GRCh38	chr14	32686138	A,G	dbSNP151
MHDBV000000205	GRCh38	chr14	32686149	A,G	dbSNP151
MHDBV000000206	GRCh38	chr14	38976183	C,G,T	dbSNP151
MHDBV000000207	GRCh38	chr14	38976202	C,T	dbSNP151
MHDBV000000208	GRCh38	chr14	38976225	A,G	dbSNP151
MHDBV000000209	GRCh38	chr14	73783853	A,G	dbSNP151
MHDBV000000210	GRCh38	chr14	73784011	C,G,T	dbSNP151
MHDBV000000211	GRCh38	chr14	105543139	A,G	dbSNP151
MHDBV000000212	GRCh38	chr14	105543234	C,T	dbSNP151
MHDBV000000213	GRCh38	chr15	24802313	A,G	dbSNP151
MHDBV000000214	GRCh38	chr15	24802319	A,C	dbSNP151
MHDBV000000215	GRCh38	chr15	24802320	A,C,G,T	dbSNP151
MHDBV000000216	GRCh38	chr15	24802331	A,G	dbSNP151
MHDBV000000217	GRCh38	chr15	24802336	C,G,T	dbSNP151
MHDBV000000218	GRCh38	chr15	24802338	C,G	dbSNP151
MHDBV000000219	GRCh38	chr15	24802344	G,T	dbSNP151
MHDBV000000220	GRCh38	chr15	24802348	A,G	dbSNP151
MHDBV000000221	GRCh38	chr15	24802364	A,C,G	dbSNP151
MHDBV000000222	GRCh38	chr15	24802366	A,C,G,T	dbSNP151
MHDBV000000223	GRCh38	chr15	24802374	C,T	dbSNP151
MHDBV000000224	GRCh38	chr15	24802376	A,C	dbSNP151
MHDBV000000225	GRCh38	chr15	24802379	C,G	dbSNP151
MHDBV000000226	GRCh38	chr15	27951674	C,T	dbSNP151
MHDBV000000227	GRCh38	chr15	27951890	A,C,T	dbSNP151
MHDBV000000228	GRCh38	chr15	27984950	C,T	dbSNP151
MHDBV000000229	GRCh38	chr15	27985037	C,T	dbSNP151
MHDBV000000230	GRCh38	chr15	28120284	A,G	dbSNP151
MHDBV000000231	GRCh38	chr15	28120471	A,G	dbSNP151
MHDBV000000232	GRCh38	chr15	28120586	A,C	dbSNP151
MHDBV000000233	GRCh38	chr15	40076158	A,T	dbSNP151
MHDBV000000234	GRCh38	chr15	40076160	A,T	dbSNP151
MHDBV000000235	GRCh38	chr15	40076162	A,C,T	dbSNP151
MHDBV000000236	GRCh38	chr15	43509825	A,C,G,T	dbSNP151
MHDBV000000237	GRCh38	chr15	43509839	A,C	dbSNP151
MHDBV000000238	GRCh38	chr15	43509872	A,C	dbSNP151
MHDBV000000239	GRCh38	chr15	46578535	A,G,T	dbSNP151
MHDBV000000240	GRCh38	chr15	46578656	C,T	dbSNP151
MHDBV000000241	GRCh38	chr15	47831252	A,C,G	dbSNP151
MHDBV000000242	GRCh38	chr15	47831292	A,G	dbSNP151
MHDBV000000243	GRCh38	chr15	47831295	A,C	dbSNP151
MHDBV000000244	GRCh38	chr15	48122771	C,T	dbSNP151
MHDBV000000245	GRCh38	chr15	48122870	A,G	dbSNP151
MHDBV000000246	GRCh38	chr15	52192752	A,C	dbSNP151
MHDBV000000247	GRCh38	chr15	52192826	G,T	dbSNP151
MHDBV000000248	GRCh38	chr15	63806357	C,T	dbSNP151
MHDBV000000249	GRCh38	chr15	63806413	A,C	dbSNP151
MHDBV000000250	GRCh38	chr15	63806494	A,G	dbSNP151
MHDBV000000251	GRCh38	chr16	7159206	A,C,T	dbSNP151
MHDBV000000252	GRCh38	chr16	7159245	A,C	dbSNP151
MHDBV000000253	GRCh38	chr16	7159265	A,G	dbSNP151
MHDBV000000254	GRCh38	chr16	7159309	A,G	dbSNP151
MHDBV000000255	GRCh38	chr16	7159379	A,G	dbSNP151
MHDBV000000256	GRCh38	chr16	7537731	A,G	dbSNP151
MHDBV000000257	GRCh38	chr16	7537743	A,C,T	dbSNP151
MHDBV000000258	GRCh38	chr16	7537801	A,T	dbSNP151
MHDBV000000259	GRCh38	chr16	7537844	C,T	dbSNP151
MHDBV000000260	GRCh38	chr16	31087678	C,T	dbSNP151
MHDBV000000261	GRCh38	chr16	31087689	C,T	dbSNP151
MHDBV000000262	GRCh38	chr16	77999242	A,C	dbSNP151
MHDBV000000263	GRCh38	chr16	77999261	C,T	dbSNP151
MHDBV000000264	GRCh38	chr16	77999270	A,G	dbSNP151
MHDBV000000265	GRCh38	chr16	77999274	C,T	dbSNP151
MHDBV000000266	GRCh38	chr16	77999281	A,C,G	dbSNP151
MHDBV000000267	GRCh38	chr16	77999282	C,T	dbSNP151
MHDBV000000268	GRCh38	chr16	77999288	A,C,T	dbSNP151
MHDBV000000269	GRCh38	chr16	77999291	G,T	dbSNP151
MHDBV000000270	GRCh38	chr16	81936747	A,G	dbSNP151
MHDBV000000271	GRCh38	chr16	81936760	A,C	dbSNP151
MHDBV000000272	GRCh38	chr16	81936801	C,T	dbSNP151
MHDBV000000273	GRCh38	chr16	81936889	A,G	dbSNP151
MHDBV000000274	GRCh38	chr16	84516828	C,T	dbSNP151
MHDBV000000275	GRCh38	chr16	84516829	A,C,T	dbSNP151
MHDBV000000276	GRCh38	chr16	84516830	A,C,G	dbSNP151
MHDBV000000277	GRCh38	chr16	84516845	C,T	dbSNP151
MHDBV000000278	GRCh38	chr16	84516874	A,C,G,T	dbSNP151
MHDBV000000279	GRCh38	chr16	84516880	C,T	dbSNP151
MHDBV000000280	GRCh38	chr16	84516887	C,T	dbSNP151
MHDBV000000281	GRCh38	chr16	84516893	G,T	dbSNP151
MHDBV000000282	GRCh38	chr16	84516898	C,T	dbSNP151
MHDBV000000283	GRCh38	chr16	85934074	C,T	dbSNP151
MHDBV000000284	GRCh38	chr16	85934082	A,G	dbSNP151
MHDBV000000285	GRCh38	chr16	85934105	C,G	dbSNP151
MHDBV000000286	GRCh38	chr16	85934115	C,G,T	dbSNP151
MHDBV000000287	GRCh38	chr16	85934128	A,G,T	dbSNP151
MHDBV000000288	GRCh38	chr16	85934137	C,T	dbSNP151
MHDBV000000289	GRCh38	chr16	87447772	C,G	dbSNP151
MHDBV000000290	GRCh38	chr16	87447821	A,C,T	dbSNP151
MHDBV000000291	GRCh38	chr16	87468088	A,G,T	dbSNP151
MHDBV000000292	GRCh38	chr16	87468129	C,T	dbSNP151
MHDBV000000293	GRCh38	chr16	87468385	C,T	dbSNP151
MHDBV000000294	GRCh38	chr16	89919708	A,C,G,T	dbSNP151
MHDBV000000295	GRCh38	chr16	89919745	A,G	dbSNP151
MHDBV000000296	GRCh38	chr17	4497060	C,G	dbSNP151
MHDBV000000297	GRCh38	chr17	4497088	A,C	dbSNP151
MHDBV000000298	GRCh38	chr17	4497096	C,T	dbSNP151
MHDBV000000299	GRCh38	chr17	11308466	C,G,T	dbSNP151
MHDBV000000300	GRCh38	chr17	11308492	A,G	dbSNP151
MHDBV000000301	GRCh38	chr17	11308502	A,G	dbSNP151
MHDBV000000302	GRCh38	chr17	15385768	A,C,G	dbSNP151
MHDBV000000303	GRCh38	chr17	15385781	C,T	dbSNP151
MHDBV000000304	GRCh38	chr17	15385817	A,C,T	dbSNP151
MHDBV000000305	GRCh38	chr17	19715705	G,T	dbSNP151
MHDBV000000306	GRCh38	chr17	19715739	C,G	dbSNP151
MHDBV000000307	GRCh38	chr17	19715749	A,C,G,T	dbSNP151
MHDBV000000308	GRCh38	chr17	45394954	A,G	dbSNP151
MHDBV000000309	GRCh38	chr17	45395140	A,G	dbSNP151
MHDBV000000310	GRCh38	chr17	45658111	A,G	dbSNP151
MHDBV000000311	GRCh38	chr17	45658151	A,G	dbSNP151
MHDBV000000312	GRCh38	chr17	45777789	A,G,T	dbSNP151
MHDBV000000313	GRCh38	chr17	45777861	G,T	dbSNP151
MHDBV000000314	GRCh38	chr17	45996522	A,G	dbSNP151
MHDBV000000315	GRCh38	chr17	45996606	C,T	dbSNP151
MHDBV000000316	GRCh38	chr17	45996651	A,G	dbSNP151
MHDBV000000317	GRCh38	chr17	47618465	C,T	dbSNP151
MHDBV000000318	GRCh38	chr17	47618547	C,T	dbSNP151
MHDBV000000319	GRCh38	chr17	49209704	A,G	dbSNP151
MHDBV000000320	GRCh38	chr17	49209746	A,G	dbSNP151
MHDBV000000321	GRCh38	chr17	54865066	C,T	dbSNP151
MHDBV000000322	GRCh38	chr17	54865094	C,T	dbSNP151
MHDBV000000323	GRCh38	chr17	54865129	A,C	dbSNP151
MHDBV000000324	GRCh38	chr17	54865196	C,T	dbSNP151
MHDBV000000325	GRCh38	chr17	55486420	C,T	dbSNP151
MHDBV000000326	GRCh38	chr17	55486611	A,G	dbSNP151
MHDBV000000327	GRCh38	chr17	78232489	A,C,T	dbSNP151
MHDBV000000328	GRCh38	chr17	78232548	C,G,T	dbSNP151
MHDBV000000329	GRCh38	chr18	1960542	A,C,G,T	dbSNP151
MHDBV000000330	GRCh38	chr18	1960557	A,G	dbSNP151
MHDBV000000331	GRCh38	chr18	1960561	A,G	dbSNP151
MHDBV000000332	GRCh38	chr18	1960566	A,C,G	dbSNP151
MHDBV000000333	GRCh38	chr18	1960582	A,T	dbSNP151
MHDBV000000334	GRCh38	chr18	1960588	C,T	dbSNP151
MHDBV000000335	GRCh38	chr18	8892864	A,G	dbSNP151
MHDBV000000336	GRCh38	chr18	8892893	C,T	dbSNP151
MHDBV000000337	GRCh38	chr18	8892896	A,C,G,T	dbSNP151
MHDBV000000338	GRCh38	chr18	8892907	C,T	dbSNP151
MHDBV000000339	GRCh38	chr18	24557354	A,C	dbSNP151
MHDBV000000340	GRCh38	chr18	24557431	A,G	dbSNP151
MHDBV000000341	GRCh38	chr18	24557447	C,G,T	dbSNP151
MHDBV000000342	GRCh38	chr18	24557489	G,T	dbSNP151
MHDBV000000343	GRCh38	chr18	25488431	A,G	dbSNP151
MHDBV000000344	GRCh38	chr18	25488461	C,T	dbSNP151
MHDBV000000345	GRCh38	chr18	25488469	C,T	dbSNP151
MHDBV000000346	GRCh38	chr18	78329885	A,G	dbSNP151
MHDBV000000347	GRCh38	chr18	78329906	A,G,T	dbSNP151
MHDBV000000348	GRCh38	chr18	78329944	A,G,T	dbSNP151
MHDBV000000349	GRCh38	chr18	78329967	A,G	dbSNP151
MHDBV000000350	GRCh38	chr19	4852124	C,T	dbSNP151
MHDBV000000351	GRCh38	chr19	4852324	A,C,G	dbSNP151
MHDBV000000352	GRCh38	chr19	14310739	C,G,T	dbSNP151
MHDBV000000353	GRCh38	chr19	14310772	A,C,G	dbSNP151
MHDBV000000354	GRCh38	chr19	14310780	A,G	dbSNP151
MHDBV000000355	GRCh38	chr19	22546697	A,G	dbSNP151
MHDBV000000356	GRCh38	chr19	22546748	C,T	dbSNP151
MHDBV000000357	GRCh38	chr19	22546779	A,G	dbSNP151
MHDBV000000358	GRCh38	chr19	22546810	A,C,T	dbSNP151
MHDBV000000359	GRCh38	chr19	22546850	A,G	dbSNP151
MHDBV000000360	GRCh38	chr19	50938487	A,G	dbSNP151
MHDBV000000361	GRCh38	chr19	50938502	A,G	dbSNP151
MHDBV000000362	GRCh38	chr19	50938526	A,G	dbSNP151
MHDBV000000363	GRCh38	chr19	50938550	C,G,T	dbSNP151
MHDBV000000364	GRCh38	chr19	51654948	C,T	dbSNP151
MHDBV000000365	GRCh38	chr19	51655025	C,T	dbSNP151
MHDBV000000366	GRCh38	chr19	51655062	G,T	dbSNP151
MHDBV000000367	GRCh38	chr2	7112049	A,C,T	dbSNP151
MHDBV000000368	GRCh38	chr2	7112052	G,T	dbSNP151
MHDBV000000369	GRCh38	chr2	7112077	A,G	dbSNP151
MHDBV000000370	GRCh38	chr2	45964843	A,G,T	dbSNP151
MHDBV000000371	GRCh38	chr2	45964877	A,G,T	dbSNP151
MHDBV000000372	GRCh38	chr2	45964938	C,T	dbSNP151
MHDBV000000373	GRCh38	chr2	45964952	A,G	dbSNP151
MHDBV000000374	GRCh38	chr2	45965051	A,G	dbSNP151
MHDBV000000375	GRCh38	chr2	45965091	A,G	dbSNP151
MHDBV000000376	GRCh38	chr2	46359894	G,T	dbSNP151
MHDBV000000377	GRCh38	chr2	46359957	C,T	dbSNP151
MHDBV000000378	GRCh38	chr2	96700565	A,G,T	dbSNP151
MHDBV000000379	GRCh38	chr2	96700586	A,G	dbSNP151
MHDBV000000380	GRCh38	chr2	97748700	A,C,G	dbSNP151
MHDBV000000381	GRCh38	chr2	97748786	A,C,G	dbSNP151
MHDBV000000382	GRCh38	chr2	100480397	C,T	dbSNP151
MHDBV000000383	GRCh38	chr2	100480409	A,G	dbSNP151
MHDBV000000384	GRCh38	chr2	100480497	C,T	dbSNP151
MHDBV000000385	GRCh38	chr2	107031716	C,G	dbSNP151
MHDBV000000386	GRCh38	chr2	107031855	A,C	dbSNP151
MHDBV000000387	GRCh38	chr2	108897144	A,G	dbSNP151
MHDBV000000388	GRCh38	chr2	108897197	A,G	dbSNP151
MHDBV000000389	GRCh38	chr2	108897599	G,T	dbSNP151
MHDBV000000390	GRCh38	chr2	108897648	A,G	dbSNP151
MHDBV000000391	GRCh38	chr2	108897735	C,T	dbSNP151
MHDBV000000392	GRCh38	chr2	108969856	A,G,T	dbSNP151
MHDBV000000393	GRCh38	chr2	108969914	C,T	dbSNP151
MHDBV000000394	GRCh38	chr2	108969980	C,T	dbSNP151
MHDBV000000395	GRCh38	chr2	118985034	G,T	dbSNP151
MHDBV000000396	GRCh38	chr2	118985127	A,G	dbSNP151
MHDBV000000397	GRCh38	chr2	118985288	A,G,T	dbSNP151
MHDBV000000398	GRCh38	chr2	136060045	A,C	dbSNP151
MHDBV000000399	GRCh38	chr2	136060087	C,T	dbSNP151
MHDBV000000400	GRCh38	chr2	144995598	G,T	dbSNP151
MHDBV000000401	GRCh38	chr2	144995712	A,G	dbSNP151
MHDBV000000402	GRCh38	chr2	149097582	A,G	dbSNP151
MHDBV000000403	GRCh38	chr2	149097738	A,C,G	dbSNP151
MHDBV000000404	GRCh38	chr2	160222899	A,C,T	dbSNP151
MHDBV000000405	GRCh38	chr2	160222923	C,T	dbSNP151
MHDBV000000406	GRCh38	chr2	160222938	C,T	dbSNP151
MHDBV000000407	GRCh38	chr2	160223002	A,G	dbSNP151
MHDBV000000408	GRCh38	chr2	227227672	G,T	dbSNP151
MHDBV000000409	GRCh38	chr2	227227689	C,T	dbSNP151
MHDBV000000410	GRCh38	chr2	227227742	A,C	dbSNP151
MHDBV000000411	GRCh38	chr20	2088698	C,T	dbSNP151
MHDBV000000412	GRCh38	chr20	2088728	A,G	dbSNP151
MHDBV000000413	GRCh38	chr20	16532614	C,T	dbSNP151
MHDBV000000414	GRCh38	chr20	16532670	A,C,T	dbSNP151
MHDBV000000415	GRCh38	chr20	16532696	A,G	dbSNP151
MHDBV000000416	GRCh38	chr20	16532754	A,C	dbSNP151
MHDBV000000417	GRCh38	chr20	50227722	C,T	dbSNP151
MHDBV000000418	GRCh38	chr20	50227755	A,G	dbSNP151
MHDBV000000419	GRCh38	chr20	50227827	C,T	dbSNP151
MHDBV000000420	GRCh38	chr20	61128861	A,G	dbSNP151
MHDBV000000421	GRCh38	chr20	61128957	A,G	dbSNP151
MHDBV000000422	GRCh38	chr20	63539944	G,T	dbSNP151
MHDBV000000423	GRCh38	chr20	63539991	C,G	dbSNP151
MHDBV000000424	GRCh38	chr20	63540067	A,C,G	dbSNP151
MHDBV000000425	GRCh38	chr20	63540153	A,G	dbSNP151
MHDBV000000426	GRCh38	chr20	63540202	C,T	dbSNP151
MHDBV000000427	GRCh38	chr21	20507773	A,G	dbSNP151
MHDBV000000428	GRCh38	chr21	20507878	C,T	dbSNP151
MHDBV000000429	GRCh38	chr21	20507918	C,T	dbSNP151
MHDBV000000430	GRCh38	chr21	26410648	A,C,G	dbSNP151
MHDBV000000431	GRCh38	chr21	26410672	C,T	dbSNP151
MHDBV000000432	GRCh38	chr21	26410719	A,G	dbSNP151
MHDBV000000433	GRCh38	chr21	26410782	C,T	dbSNP151
MHDBV000000434	GRCh38	chr21	41464744	C,T	dbSNP151
MHDBV000000435	GRCh38	chr21	41464757	A,T	dbSNP151
MHDBV000000436	GRCh38	chr21	41464801	A,G	dbSNP151
MHDBV000000437	GRCh38	chr21	41464823	A,T	dbSNP151
MHDBV000000438	GRCh38	chr21	41642698	A,G	dbSNP151
MHDBV000000439	GRCh38	chr21	41642768	A,G	dbSNP151
MHDBV000000440	GRCh38	chr21	41642857	C,T	dbSNP151
MHDBV000000441	GRCh38	chr21	41642883	A,G,T	dbSNP151
MHDBV000000442	GRCh38	chr21	42522024	C,T	dbSNP151
MHDBV000000443	GRCh38	chr21	42522138	G,T	dbSNP151
MHDBV000000444	GRCh38	chr21	42522196	C,T	dbSNP151
MHDBV000000445	GRCh38	chr21	45294633	C,T	dbSNP151
MHDBV000000446	GRCh38	chr21	45294725	C,T	dbSNP151
MHDBV000000447	GRCh38	chr21	45294776	A,T	dbSNP151
MHDBV000000448	GRCh38	chr21	45294791	A,G	dbSNP151
MHDBV000000449	GRCh38	chr22	19962711	C,T	dbSNP151
MHDBV000000450	GRCh38	chr22	19962739	A,G,T	dbSNP151
MHDBV000000451	GRCh38	chr22	19962744	A,G	dbSNP151
MHDBV000000452	GRCh38	chr22	19962805	A,G	dbSNP151
MHDBV000000453	GRCh38	chr22	19963683	C,G,T	dbSNP151
MHDBV000000454	GRCh38	chr22	19963747	A,G	dbSNP151
MHDBV000000455	GRCh38	chr22	36265795	A,C,G	dbSNP151
MHDBV000000456	GRCh38	chr22	36265859	A,G	dbSNP151
MHDBV000000457	GRCh38	chr22	36265987	G,T	dbSNP151
MHDBV000000458	GRCh38	chr22	36265994	A,AATAATT	dbSNP151
MHDBV000000459	GRCh38	chr22	41333211	A,G	dbSNP151
MHDBV000000460	GRCh38	chr22	41333289	G,T	dbSNP151
MHDBV000000461	GRCh38	chr22	44367725	A,G	dbSNP151
MHDBV000000462	GRCh38	chr22	44367770	A,G	dbSNP151
MHDBV000000463	GRCh38	chr22	44367871	A,G	dbSNP151
MHDBV000000464	GRCh38	chr22	44857882	C,T	dbSNP151
MHDBV000000465	GRCh38	chr22	44857883	C,G	https://doi.org/10.1016/j.fsigen.2018.05.008
MHDBV000000466	GRCh38	chr22	44857883	A,G	dbSNP151
MHDBV000000467	GRCh38	chr22	44857891	C,T	dbSNP151
MHDBV000000468	GRCh38	chr22	44857892	A,G	dbSNP151
MHDBV000000469	GRCh38	chr22	44857893	C,T	dbSNP151
MHDBV000000470	GRCh38	chr22	44857906	T,TCCTG	dbSNP151
MHDBV000000471	GRCh38	chr22	44857906	T,TCCTG	dbSNP151
MHDBV000000472	GRCh38	chr22	44857928	A,ATTTC	dbSNP151
MHDBV000000473	GRCh38	chr22	44857928	A,ATTTC	dbSNP151
MHDBV000000474	GRCh38	chr22	44857944	C,CAATG,CAGTG,CAGTGA	dbSNP151
MHDBV000000475	GRCh38	chr22	44857944	C,CAGTG	dbSNP151
MHDBV000000476	GRCh38	chr22	44857949	C,G	dbSNP151
MHDBV000000477	GRCh38	chr22	44857950	C,T	dbSNP151
MHDBV000000478	GRCh38	chr22	44857954	G,T	dbSNP151
MHDBV000000479	GRCh38	chr3	15643038	A,T	dbSNP151
MHDBV000000480	GRCh38	chr3	15643040	A,T	dbSNP151
MHDBV000000481	GRCh38	chr3	15643041	A,T	dbSNP151
MHDBV000000482	GRCh38	chr3	15643049	A,T	dbSNP151
MHDBV000000483	GRCh38	chr3	46310863	C,T	dbSNP151
MHDBV000000484	GRCh38	chr3	46310892	C,T	dbSNP151
MHDBV000000485	GRCh38	chr3	46515344	A,C,T	dbSNP151
MHDBV000000486	GRCh38	chr3	46515457	G,T	dbSNP151
MHDBV000000487	GRCh38	chr3	50159658	A,C,T	dbSNP151
MHDBV000000488	GRCh38	chr3	50159663	C,T	dbSNP151
MHDBV000000489	GRCh38	chr3	114171941	C,T	dbSNP151
MHDBV000000490	GRCh38	chr3	114171967	C,T	dbSNP151
MHDBV000000491	GRCh38	chr3	121645325	A,T	dbSNP151
MHDBV000000492	GRCh38	chr3	121645388	A,G	dbSNP151
MHDBV000000493	GRCh38	chr3	131927127	A,G	dbSNP151
MHDBV000000494	GRCh38	chr3	131927156	A,G	dbSNP151
MHDBV000000495	GRCh38	chr3	131927242	C,T	dbSNP151
MHDBV000000496	GRCh38	chr3	131927311	A,C	dbSNP151
MHDBV000000497	GRCh38	chr3	140566272	A,C,T	dbSNP151
MHDBV000000498	GRCh38	chr3	140566491	C,T	dbSNP151
MHDBV000000499	GRCh38	chr4	1985210	A,G	dbSNP151
MHDBV000000500	GRCh38	chr4	1985244	A,G,T	dbSNP151
MHDBV000000501	GRCh38	chr4	3664642	C,T	dbSNP151
MHDBV000000502	GRCh38	chr4	3664675	C,G,T	dbSNP151
MHDBV000000503	GRCh38	chr4	3664743	A,C,G	dbSNP151
MHDBV000000504	GRCh38	chr4	3664756	C,G,T	dbSNP151
MHDBV000000505	GRCh38	chr4	4324722	A,G	dbSNP151
MHDBV000000506	GRCh38	chr4	4324735	C,T	dbSNP151
MHDBV000000507	GRCh38	chr4	4324749	C,T	dbSNP151
MHDBV000000508	GRCh38	chr4	8778307	A,G,T	dbSNP151
MHDBV000000509	GRCh38	chr4	8778308	A,T	dbSNP151
MHDBV000000510	GRCh38	chr4	8778336	C,G	dbSNP151
MHDBV000000511	GRCh38	chr4	10350881	A,G	dbSNP151
MHDBV000000512	GRCh38	chr4	10350903	C,G,T	dbSNP151
MHDBV000000513	GRCh38	chr4	10350925	C,T	dbSNP151
MHDBV000000514	GRCh38	chr4	24304952	A,C,G,T	dbSNP151
MHDBV000000515	GRCh38	chr4	24304955	A,G	dbSNP151
MHDBV000000516	GRCh38	chr4	24304971	A,T	dbSNP151
MHDBV000000517	GRCh38	chr4	37857268	A,G	dbSNP151
MHDBV000000518	GRCh38	chr4	37857332	A,C,T	dbSNP151
MHDBV000000519	GRCh38	chr4	55457429	A,G,T	dbSNP151
MHDBV000000520	GRCh38	chr4	55457525	C,T	dbSNP151
MHDBV000000521	GRCh38	chr4	67578383	A,C	dbSNP151
MHDBV000000522	GRCh38	chr4	67578461	A,G	dbSNP151
MHDBV000000523	GRCh38	chr4	67578473	A,G	dbSNP151
MHDBV000000524	GRCh38	chr4	67578538	A,G	dbSNP151
MHDBV000000525	GRCh38	chr4	67578583	C,T	dbSNP151
MHDBV000000526	GRCh38	chr4	99346973	C,T	dbSNP151
MHDBV000000527	GRCh38	chr4	99347032	A,C,T	dbSNP151
MHDBV000000528	GRCh38	chr4	99383008	A,C,T	dbSNP151
MHDBV000000529	GRCh38	chr4	99383090	C,T	dbSNP151
MHDBV000000530	GRCh38	chr4	99392838	A,C,T	dbSNP151
MHDBV000000531	GRCh38	chr4	99392904	C,T	dbSNP151
MHDBV000000532	GRCh38	chr4	99400285	A,G	dbSNP151
MHDBV000000533	GRCh38	chr4	99400415	C,T	dbSNP151
MHDBV000000534	GRCh38	chr4	99400437	A,G	dbSNP151
MHDBV000000535	GRCh38	chr4	99420681	C,T	dbSNP151
MHDBV000000536	GRCh38	chr4	99420703	C,T	dbSNP151
MHDBV000000537	GRCh38	chr4	178707936	A,G	dbSNP151
MHDBV000000538	GRCh38	chr4	178708066	A,G	dbSNP151
MHDBV000000539	GRCh38	chr4	186616978	A,G	dbSNP151
MHDBV000000540	GRCh38	chr4	186617175	A,G	dbSNP151
MHDBV000000541	GRCh38	chr5	2136455	C,T	dbSNP151
MHDBV000000542	GRCh38	chr5	2136487	C,T	dbSNP151
MHDBV000000543	GRCh38	chr5	2136491	A,G	dbSNP151
MHDBV000000544	GRCh38	chr5	2447909	C,T	dbSNP151
MHDBV000000545	GRCh38	chr5	2447937	A,G	dbSNP151
MHDBV000000546	GRCh38	chr5	2448031	A,G	dbSNP151
MHDBV000000547	GRCh38	chr5	2448045	A,G	dbSNP151
MHDBV000000548	GRCh38	chr5	6844903	A,T	dbSNP151
MHDBV000000549	GRCh38	chr5	6844921	A,C	dbSNP151
MHDBV000000550	GRCh38	chr5	9565017	A,C	dbSNP151
MHDBV000000551	GRCh38	chr5	9565022	C,T	dbSNP151
MHDBV000000552	GRCh38	chr5	9565043	C,T	dbSNP151
MHDBV000000553	GRCh38	chr5	9619792	C,T	dbSNP151
MHDBV000000554	GRCh38	chr5	9619823	A,C,T	dbSNP151
MHDBV000000555	GRCh38	chr5	9629357	A,G	dbSNP151
MHDBV000000556	GRCh38	chr5	9629416	A,G	dbSNP151
MHDBV000000557	GRCh38	chr5	9629610	C,T	dbSNP151
MHDBV000000558	GRCh38	chr5	9629700	C,T	dbSNP151
MHDBV000000559	GRCh38	chr5	17903164	C,T	dbSNP151
MHDBV000000560	GRCh38	chr5	17903183	A,C,T	dbSNP151
MHDBV000000561	GRCh38	chr5	17903208	A,C,T	dbSNP151
MHDBV000000562	GRCh38	chr5	17903213	A,G,T	dbSNP151
MHDBV000000563	GRCh38	chr5	33951445	A,G	dbSNP151
MHDBV000000564	GRCh38	chr5	33951587	A,C,G	dbSNP151
MHDBV000000565	GRCh38	chr5	33951720	G,T	dbSNP151
MHDBV000000566	GRCh38	chr5	33951720	G,T	dbSNP151
MHDBV000000567	GRCh38	chr5	33951955	A,C	dbSNP151
MHDBV000000568	GRCh38	chr5	33951986	A,G	dbSNP151
MHDBV000000569	GRCh38	chr5	33952000	C,T	dbSNP151
MHDBV000000570	GRCh38	chr5	33958804	A,C,T	dbSNP151
MHDBV000000571	GRCh38	chr5	33958853	A,C	dbSNP151
MHDBV000000572	GRCh38	chr5	33962664	A,G	dbSNP151
MHDBV000000573	GRCh38	chr5	33962771	C,T	dbSNP151
MHDBV000000574	GRCh38	chr5	33969522	C,T	dbSNP151
MHDBV000000575	GRCh38	chr5	33969588	A,G	dbSNP151
MHDBV000000576	GRCh38	chr5	38881357	G,T	dbSNP151
MHDBV000000577	GRCh38	chr5	38881357	G,T	dbSNP151
MHDBV000000578	GRCh38	chr5	38881435	C,T	dbSNP151
MHDBV000000579	GRCh38	chr5	38881435	C,T	dbSNP151
MHDBV000000580	GRCh38	chr5	38881500	A,G,T	dbSNP151
MHDBV000000581	GRCh38	chr5	38881500	A,G,T	dbSNP151
MHDBV000000582	GRCh38	chr5	38881525	G,T	dbSNP151
MHDBV000000583	GRCh38	chr6	2936965	A,C,G	dbSNP151
MHDBV000000584	GRCh38	chr6	2936989	A,C,G	dbSNP151
MHDBV000000585	GRCh38	chr6	2937112	A,G,T	dbSNP151
MHDBV000000586	GRCh38	chr6	4383078	A,G,T	dbSNP151
MHDBV000000587	GRCh38	chr6	4383097	A,G	dbSNP151
MHDBV000000588	GRCh38	chr6	4383120	G,T	dbSNP151
MHDBV000000589	GRCh38	chr6	5561444	A,G	dbSNP151
MHDBV000000590	GRCh38	chr6	5561462	A,G	dbSNP151
MHDBV000000591	GRCh38	chr6	5561471	A,C,T	dbSNP151
MHDBV000000592	GRCh38	chr6	13861392	A,C,G,T	dbSNP151
MHDBV000000593	GRCh38	chr6	13861399	C,CT	dbSNP151
MHDBV000000594	GRCh38	chr6	13861414	G,GA	dbSNP151
MHDBV000000595	GRCh38	chr6	13861421	C,G,T	dbSNP151
MHDBV000000596	GRCh38	chr6	13861430	C,G,T	dbSNP151
MHDBV000000597	GRCh38	chr6	13861434	A,C,G,T	dbSNP151
MHDBV000000598	GRCh38	chr6	13861438	A,T	dbSNP151
MHDBV000000599	GRCh38	chr6	13861439	A,G	dbSNP151
MHDBV000000600	GRCh38	chr6	13861440	A,C,G,T	dbSNP151
MHDBV000000601	GRCh38	chr6	13861446	A,C,G	dbSNP151
MHDBV000000602	GRCh38	chr6	15542066	A,C,T	dbSNP151
MHDBV000000603	GRCh38	chr6	15542151	A,G	dbSNP151
MHDBV000000604	GRCh38	chr6	16399415	A,C,G	dbSNP151
MHDBV000000605	GRCh38	chr6	16399448	C,T	dbSNP151
MHDBV000000606	GRCh38	chr6	16399489	A,G	dbSNP151
MHDBV000000607	GRCh38	chr6	16801535	C,T	dbSNP151
MHDBV000000608	GRCh38	chr6	16801551	A,C	dbSNP151
MHDBV000000609	GRCh38	chr6	16801634	C,T	dbSNP151
MHDBV000000610	GRCh38	chr6	31196949	C,T	dbSNP151
MHDBV000000611	GRCh38	chr6	31196961	A,C,T	dbSNP151
MHDBV000000612	GRCh38	chr6	31196972	A,G,T	dbSNP151
MHDBV000000613	GRCh38	chr6	31196985	A,C,G	dbSNP151
MHDBV000000614	GRCh38	chr6	31196992	C,T	dbSNP151
MHDBV000000615	GRCh38	chr6	31197001	C,G,T	dbSNP151
MHDBV000000616	GRCh38	chr6	69092609	A,G	dbSNP151
MHDBV000000617	GRCh38	chr6	69092767	A,C,G	dbSNP151
MHDBV000000618	GRCh38	chr6	169255933	G,T	dbSNP151
MHDBV000000619	GRCh38	chr6	169255983	C,G,T	dbSNP151
MHDBV000000620	GRCh38	chr6	169256024	A,G	dbSNP151
MHDBV000000621	GRCh38	chr6	169256152	A,C,G	dbSNP151
MHDBV000000622	GRCh38	chr6	170280714	A,G	dbSNP151
MHDBV000000623	GRCh38	chr6	170280900	A,C,G	dbSNP151
MHDBV000000624	GRCh38	chr7	16789069	A,T	dbSNP151
MHDBV000000625	GRCh38	chr7	16789073	A,T	dbSNP151
MHDBV000000626	GRCh38	chr7	16789076	A,T	dbSNP151
MHDBV000000627	GRCh38	chr7	16789085	A,T	dbSNP151
MHDBV000000628	GRCh38	chr7	16789114	C,T	dbSNP151
MHDBV000000629	GRCh38	chr7	52677450	A,G	dbSNP151
MHDBV000000630	GRCh38	chr7	52677456	C,G,T	dbSNP151
MHDBV000000631	GRCh38	chr7	52677462	C,T	dbSNP151
MHDBV000000632	GRCh38	chr7	52677508	A,C,T	dbSNP151
MHDBV000000633	GRCh38	chr7	53594403	A,G	dbSNP151
MHDBV000000634	GRCh38	chr7	53594437	A,C,G	dbSNP151
MHDBV000000635	GRCh38	chr7	53594500	C,T	dbSNP151
MHDBV000000636	GRCh38	chr7	97104659	C,T	dbSNP151
MHDBV000000637	GRCh38	chr7	97104744	A,G	dbSNP151
MHDBV000000638	GRCh38	chr7	99652769	T,TA	dbSNP151
MHDBV000000639	GRCh38	chr7	99652851	C,T	dbSNP151
MHDBV000000640	GRCh38	chr7	141973450	C,T	dbSNP151
MHDBV000000641	GRCh38	chr7	141973544	C,G	dbSNP151
MHDBV000000642	GRCh38	chr8	1194352	C,G	dbSNP151
MHDBV000000643	GRCh38	chr8	1194356	A,C,G,T	dbSNP151
MHDBV000000644	GRCh38	chr8	1194364	G,T	dbSNP151
MHDBV000000645	GRCh38	chr8	1194371	A,C,G	dbSNP151
MHDBV000000646	GRCh38	chr8	3659269	C,T	dbSNP151
MHDBV000000647	GRCh38	chr8	3659313	C,T	dbSNP151
MHDBV000000648	GRCh38	chr8	3659351	A,C,G,T	dbSNP151
MHDBV000000649	GRCh38	chr8	3659400	A,C,G	dbSNP151
MHDBV000000650	GRCh38	chr8	3659461	C,T	dbSNP151
MHDBV000000651	GRCh38	chr8	3659481	A,C,G	dbSNP151
MHDBV000000652	GRCh38	chr8	11738319	C,T	dbSNP151
MHDBV000000653	GRCh38	chr8	11738459	A,G	dbSNP151
MHDBV000000654	GRCh38	chr9	344228	C,T	dbSNP151
MHDBV000000655	GRCh38	chr9	344331	G,T	dbSNP151
MHDBV000000656	GRCh38	chr9	680713	A,G	dbSNP151
MHDBV000000657	GRCh38	chr9	680762	A,C,T	dbSNP151
MHDBV000000658	GRCh38	chr9	680790	G,T	dbSNP151
MHDBV000000659	GRCh38	chr9	12672274	A,G	dbSNP151
MHDBV000000660	GRCh38	chr9	12672319	A,G	dbSNP151
MHDBV000000661	GRCh38	chr9	16795160	A,G	dbSNP151
MHDBV000000662	GRCh38	chr9	16795164	C,T	dbSNP151
MHDBV000000663	GRCh38	chr9	16795242	C,T	dbSNP151
MHDBV000000664	GRCh38	chr9	16795287	A,C,T	dbSNP151
MHDBV000000665	GRCh38	chr9	83193733	A,G	dbSNP151
MHDBV000000666	GRCh38	chr9	83193792	A,G,T	dbSNP151
MHDBV000000667	GRCh38	chr9	83193814	C,T	dbSNP151
MHDBV000000668	GRCh38	chr9	83193874	A,G	dbSNP151
MHDBV000000669	GRCh38	chr9	101207457	A,C,T	dbSNP151
MHDBV000000670	GRCh38	chr9	101207492	A,G	dbSNP151
MHDBV000000671	GRCh38	chr9	101207569	A,C	dbSNP151
MHDBV000000672	GRCh38	chr9	132987091	A,G	dbSNP151
MHDBV000000673	GRCh38	chr9	132987107	C,T	dbSNP151
MHDBV000000674	GRCh38	chr9	132987175	C,T	dbSNP151
MHDBV000000675	GRCh38	chr9	132987204	A,C,T	dbSNP151
MHDBV000000676	GRCh38	chr9	132987244	C,T	dbSNP151
MHDBV000000677	GRCh38	chr9	134525268	C,T	dbSNP151
MHDBV000000678	GRCh38	chr9	134525461	G,T	dbSNP151
