Name	Xref	NumVars	Chrom	OffsetsHg37	OffsetsHg38	VarRef
mh06PK-24844		chr6	10		13861392,13861399,13861414,13861421,13861430,13861434,13861438,13861439,13861440,13861446	rs1204206,rs376614501,rs1196416099,rs35198802,rs553417439,rs1204207,rs545720382,rs34901968,rs546942508,rs1204208
mh06PK-25713		chr6	6		31196949,31196961,31196972,31196985,31196992,31197001	rs115374779,rs28397272,rs28397273,rs28397274,rs28397275,rs28362333
mh07PK-38311		chr7	4		52677450,52677456,52677462,52677508	rs2439742,rs2463889,rs11979296,rs2463890
mh08PK-46625		chr8	4		1194352,1194356,1194364,1194371	rs935825,rs935826,rs935827,rs116697803
mh10PK-62104		chr10	7		127392565,127392577,127392596,127392610,127392611,127392620,127392632	rs117388489,rs6482857,rs6482858,rs551467655,rs7916819,rs7898198,rs6482859
mh11PK-62906		chr11	7		247979,247985,247997,248001,248009,248015,248035	rs76312605,rs577259,rs55713821,rs577298,rs117797856,rs577357,rs6598058
mh11PK-63643		chr11	7		34415814,34415816,34415818,34415835,34415836,34415846,34415850	rs2420397,rs59090359,rs2420396,rs2420395,rs12273809,rs17352313,rs377732696
mh14PK-72639		chr14	9		32203273,32203274,32203277,32203278,32203291,32203302,32203309,32203320,32203323	rs57470915,rs34533431,rs8003747,rs10129345,rs114396148,rs148880997,rs36004481,rs8003362,rs8003494
mh15PK-75170		chr15	13		24802313,24802319,24802320,24802331,24802336,24802338,24802344,24802348,24802364,24802366,24802374,24802376,24802379	rs12914028,rs531720889,rs12914032,rs12914037,rs565887933,rs80258314,rs28864389,rs537047651,rs143873209,rs12914188,rs12915332,rs78817707,rs762729959
mh16PK-83362		chr16	8		77999242,77999261,77999270,77999274,77999281,77999282,77999288,77999291	rs1651904,rs12930975,rs4350582,rs3109096,rs540646383,rs2464765,rs1677307,rs1677306
mh16PK-83483		chr16	9		84516828,84516829,84516830,84516845,84516874,84516880,84516887,84516893,84516898	rs534790082,rs8055359,rs8054367,rs12596608,rs8054060,rs376039413,rs8055512,rs8055517,rs72808635
mh16PK-83544		chr16	6		85934074,85934082,85934105,85934115,85934128,85934137	rs66509440,rs66804793,rs528179479,rs9925859,rs9929895,rs74032085
mh18PK-87558		chr18	6		1960542,1960557,1960561,1960566,1960582,1960588	rs9962474,rs9947384,rs62081065,rs28612163,rs62081066,rs28695806
mh22PK-104638		chr22	12	45253762,45253763,45253764,45253771,45253772,45253773,45253787,45253810,45253826,45253829,45253830,45253834	44857882,44857883,44857884,44857891,44857892,44857893,44857907,44857930,44857946,44857949,44857950,44857954	rs117862404,rs62232223,rs7291353,rs71328677,rs62232224,rs10685889,rs10685890,rs113141650,rs62232225,rs62232226
mh21PK-MX1s		chr21	4		41464744,41464757,41464801,41464823	rs112657409,rs2838038,rs462574,rs456298
