Microhaplotype name	rs-number	Chromosome	Position	Reference
MH02	rs1533623	chr1	18722801	GRCh37
MH02	rs1533622	chr1	18722846	GRCh37
MH03	rs16835127	chr1	161955758	GRCh37
MH03	rs10918374	chr1	161955775	GRCh37
MH03	rs2341465	chr1	161955804	GRCh37
MH04	rs2296796	chr1	230820578	GRCh37
MH04	rs2296797	chr1	230820605	GRCh37
MH04	rs2296798	chr1	230820630	GRCh37
MH05	rs12469721	chr2	161079411	GRCh37
MH05	rs3101043	chr2	161079435	GRCh37
MH05	rs3111398	chr2	161079450	GRCh37
MH07	rs6714835	chr2	228092389	GRCh37
MH07	rs6756898	chr2	228092406	GRCh37
MH07	rs12617010	chr2	228092459	GRCh37
MH08	rs4513489	chr3	46352355	GRCh37
MH08	rs6441961	chr3	46352384	GRCh37
MH09	rs1225051	chr3	131645972	GRCh37
MH09	rs1225050	chr3	131646001	GRCh37
MH10	rs3135123	chr4	1986938	GRCh37
MH10	rs495367	chr4	1986972	GRCh37
MH12A	rs3775866	chr4	68444180	GRCh37
MH12A	rs11725922	chr4	68444192	GRCh37
MH12B	rs3775867	chr4	68444257	GRCh37
MH13	rs370672	chr5	2448146	GRCh37
MH13	rs6555108	chr5	2448160	GRCh37
MH14	rs41461	chr5	9619905	GRCh37
MH14	rs41462	chr5	9619936	GRCh37
MH15	rs10815466	chr9	680714	GRCh37
MH15	rs9408671	chr9	680763	GRCh37
MH15	rs9408672	chr9	680768	GRCh37
MH15	rs17431629	chr9	680791	GRCh37
MH16	rs4282648	chr9	85808708	GRCh37
MH16	rs10780576	chr9	85808730	GRCh37
MH16	rs7046769	chr9	85808790	GRCh37
MH17	rs56256724	chr9	135862563	GRCh37
MH17	rs2073578	chr9	135862592	GRCh37
MH17	rs633153	chr9	135862632	GRCh37
MH18	rs76875728	chr9	137417276	GRCh37
MH18	rs7037930	chr9	137417305	GRCh37
MH18	rs10776839	chr9	137417308	GRCh37
MH19	rs3814588	chr10	3162410	GRCh37
MH19	rs6602026	chr10	3162423	GRCh37
MH19	rs3814589	chr10	3162486	GRCh37
MH20	rs4752778	chr11	1690950	GRCh37
MH20	rs7112918	chr11	1690969	GRCh37
MH20	rs4752777	chr11	1690984	GRCh37
MH21A	rs10500616	chr11	5109946	GRCh37
MH21B	rs2499936	chr11	5110068	GRCh37
MH22	rs12421109	chr11	99880163	GRCh37
MH22	rs12289401	chr11	99880224	GRCh37
MH23	rs4938013	chr11	113264470	GRCh37
MH23	rs11214596	chr11	113264511	GRCh37
MH24	rs4931233	chr12	30170306	GRCh37
MH24	rs10506053	chr12	30170359	GRCh37
MH24	rs4931234	chr12	30170382	GRCh37
MH25	rs1503767	chr12	118889488	GRCh37
MH25	rs11068953	chr12	118889559	GRCh37
MH26	rs2152727	chr13	23765601	GRCh37
MH26	rs679482	chr13	23765635	GRCh37
MH26	rs9510616	chr13	23765681	GRCh37
MH27	rs9562649	chr13	46866084	GRCh37
MH27	rs2765614	chr13	46866122	GRCh37
MH30	rs1192204	chr13	110806699	GRCh37
MH30	rs1192205	chr13	110806742	GRCh37
MH30	rs3825483	chr13	110806759	GRCh37
MH31A	rs701463	chr15	46870734	GRCh37
MH31B	rs7183984	chr15	46870829	GRCh37
MH31B	rs701464	chr15	46870855	GRCh37
MH32A	rs1063902	chr15	52484950	GRCh37
MH32B	rs4219	chr15	52485024	GRCh37
MH33	rs9937467	chr16	7209208	GRCh37
MH33	rs17670098	chr16	7209247	GRCh37
MH33	rs17670111	chr16	7209267	GRCh37
MH34	rs3934956	chr16	81970407	GRCh37
MH34	rs62044947	chr16	81970448	GRCh37
MH34	rs3934957	chr16	81970471	GRCh37
MH35	rs2233362	chr17	47287067	GRCh37
MH35	rs634370	chr17	47287109	GRCh37
MH36	rs2934897	chr17	52942428	GRCh37
MH36	rs7207239	chr17	52942456	GRCh37
MH38	rs17187688	chr18	22137396	GRCh37
MH38	rs17187695	chr18	22137412	GRCh37
MH38	rs1945150	chr18	22137454	GRCh37
MH39	rs621320	chr18	76089886	GRCh37
MH39	rs621340	chr18	76089907	GRCh37
MH39	rs678179	chr18	76089945	GRCh37
MH39	rs621766	chr18	76089968	GRCh37
MH40	rs6044080	chr20	16513260	GRCh37
MH40	rs17674942	chr20	16513316	GRCh37
MH40	rs6044081	chr20	16513342	GRCh37
MH41	rs8131148	chr21	21880191	GRCh37
MH41	rs6517971	chr21	21880231	GRCh37
MH43	rs2838081	chr21	43062859	GRCh37
MH43	rs2838082	chr21	43062929	GRCh37
MH44	rs2838868	chr21	46714641	GRCh37
MH44	rs7279250	chr21	46714692	GRCh37
MH45	rs4818	chr22	19951207	GRCh37
MH45	rs8192488	chr22	19951237	GRCh37
MH45	rs4680	chr22	19951271	GRCh37
MH46	rs763040	chr22	44763606	GRCh37
MH46	rs5764924	chr22	44763651	GRCh37
MH47	rs12985452	chr19	22729500	GRCh37
MH47	rs4932999	chr19	22729551	GRCh37
MH47	rs4932769	chr19	22729582	GRCh37
