Name,Xref,NumVars,Refr,Chrom,Positions,VarRef
mh01LS-1pA,,4,,chr1,,rs4350140;rs4535948;rs4603072;rs4466593
mh01LS-1pB,,4,,chr1,,rs6670835;rs1149053;rs1149054;rs1149055
mh01LS-1pC,,3,,chr1,,rs1258047;rs36045414;rs1258048
mh01LS-1pD,,3,,chr1,,rs4912370;rs4912371;rs11207291
mh01LS-1pE,,3,,chr1,,rs901915;rs901914;rs4658276
mh01LS-1pF,,3,,chr1,,rs7415047;rs34133846;rs7534381
mh01LS-1pG,,3,,chr1,,rs10923606;rs2811571;rs10923609
mh01LS-1qA,,4,,chr1,,rs12041348;rs12041350;rs12041380;rs12024350
mh01LS-1qB,,3,,chr1,,rs1555382;rs1555383;rs10910971
mh01LS-1qC,,3,,chr1,,rs67974334;rs11811659;rs67146338
mh01LS-1qD,,3,,chr1,,rs72649990;rs28462080;rs28460233
mh01LS-1qE,,5,,chr1,,rs4846760;rs4846369;rs4846370;rs4846371;rs11487852
mh01LS-1qF,,3,,chr1,,rs6541297;rs60099055;rs57012367
mh01LS-1qG,,3,,chr1,,rs6429376;rs2809891;rs1333703
mh02LS-2pA,,3,,chr2,,rs74656262;rs76453690;rs116964127
mh02LS-2pB,,4,,chr2,,rs779347;rs7578329;rs36043527;rs7578347
mh02LS-2pC,,3,,chr2,,rs7603066;rs7603080;rs7603198
mh02LS-2pD,,4,,chr2,,rs10168080;rs35335349;rs6754625;rs2160449
mh02LS-2pE,,3,,chr2,,rs10174929;rs62143649;rs76960628
mh02LS-2pF,,3,,chr2,,rs78281245;rs61453821;rs7608605
mh02LS-2qA,,3,,chr2,,rs4364040;rs4510239;rs4380261
mh02LS-2qB,,3,,chr2,,rs2593721;rs2593720;rs2593719
mh02LS-2qC,,3,,chr2,,rs750876;rs750875;rs888630
mh02LS-2qD,,3,,chr2,,rs7557023;rs1901748;rs1901749
mh02LS-2qE,,4,,chr2,,rs10175601;rs10210256;rs10210537;rs10210370
mh02LS-2qF,,4,,chr2,,rs1320134;rs1317878;rs1317879;rs1320136
mh02LS-2qG,,3,,chr2,,rs11683428;rs62189029;rs62189030
mh02LS-2qH,,3,,chr2,,rs4675889;rs4675794;rs3935478
mh03LS-3pA,,3,,chr3,,rs62235452;rs13321431;rs62235453
mh03LS-3pB,,4,,chr3,,rs1497938;rs1846165;rs9810225;rs58842146
mh03LS-3pC,,3,,chr3,,rs4283599;rs55701727;rs55818200
mh03LS-3pD,,3,,chr3,,rs6549115;rs66710880;rs67417462
mh03LS-3pE,,3,,chr3,,rs73128557;rs73128559;rs7612197
mh03LS-3qA,,3,,chr3,,rs7624833;rs60306885;rs57436562
mh03LS-3qB,,3,,chr3,,rs1878482;rs10804944;rs1878483
mh03LS-3qC,,3,,chr3,,rs9859542;rs9839472;rs9843577
mh03LS-3qD,,3,,chr3,,rs11915462;rs60356687;rs28463805
mh03LS-3qE,,3,,chr3,,rs7648629;rs7638328;rs4518138
mh03LS-3qF,,4,,chr3,,rs73884183;rs6791143;rs72622586;rs72622587
mh03LS-3qG,,3,,chr3,,rs4677636;rs4677637;rs4677638
mh04LS-4pA,,3,,chr4,,rs1263336;rs2269498;rs55975608
mh04LS-4pB,,4,,chr4,,rs4317201;rs4481232;rs4571326;rs73130456
mh04LS-4pC,,3,,chr4,,rs4692038;rs297277;rs1375769
mh04LS-4pD,,3,,chr4,,rs13133300;rs13105107;rs13133684
mh04LS-4pE,,3,,chr4,,rs1497003;rs28544196;rs28638095
mh04LS-4qA,,3,,chr4,,rs2175404;rs77691687;rs11131260
mh04LS-4qB,,3,,chr4,,rs28499048;rs11729184;rs11734315
mh04LS-4qC,,3,,chr4,,rs13121356;rs7674830;rs440754
mh04LS-4qD,,3,,chr4,,rs3804421;rs962384;rs962385
mh04LS-4qE,,3,,chr4,,rs7692050;rs7691782;rs7691762
mh04LS-4qF,,3,,chr4,,rs12651542;rs13124572;rs13151837
mh04LS-4qG,,3,,chr4,,rs7664548;rs7664226;rs7689221
mh04LS-4qH,,3,,chr4,,rs58857469;rs55944510;rs34333259
mh04LS-4qI,,3,,chr4,,rs12511159;rs28729331;rs10006609
mh04LS-4qJ,,3,,chr4,,rs74948478;rs1021402;rs1021403
mh04LS-4qK,,3,,chr4,,rs11132404;rs6820953;rs6820775
mh05LS-5pA,,4,,chr5,,rs1038563;rs1689746;rs4975705;rs4975706
mh05LS-5pB,,3,,chr5,,rs35459852;rs34279760;rs16902351
mh05LS-5pC,,3,,chr5,,rs4469205;rs4546395;rs66484852
mh05LS-5qA,,3,,chr5,,rs1423373;rs1423374;rs35734784
mh05LS-5qB,,3,,chr5,,rs396975;rs405092;rs7731682
mh05LS-5qC,,3,,chr5,,rs35749106;rs10452482;rs10452483
mh05LS-5qD,,3,,chr5,,rs10044768;rs10039102;rs9918142
mh05LS-5qE,,3,,chr5,,rs4267863;rs4626327;rs4624787
mh05LS-5qF,,3,,chr5,,rs17153030;rs75080215;rs1122858
mh05LS-5qG,,3,,chr5,,rs6580224;rs6580225;rs12109469
mh05LS-5qH,,3,,chr5,,rs36070803;rs36018611;rs10056130
mh06LS-6pA,,4,,chr6,,rs870080;rs55776749;rs62390361;rs9405689
mh06LS-6pB,,3,,chr6,,rs7747444;rs12526495;rs12529840
mh06LS-6pC,,4,,chr6,,rs708012;rs708013;rs708014;rs12530030
mh06LS-6pD,,4,,chr6,,rs3822877;rs3822879;rs3822881;rs3822882
mh06LS-6pE,,3,,chr6,,rs7743010;rs7743274;rs4314500
mh06LS-6qA,,3,,chr6,,rs1556394;rs9363389;rs9345647
mh06LS-6qB,,3,,chr6,,rs13197085;rs12205977;rs1458412
mh06LS-6qC,,3,,chr6,,rs11153075;rs11153076;rs6903929
mh06LS-6qD,,3,,chr6,,rs587889;rs665135;rs588334
mh06LS-6qE,,3,,chr6,,rs9479402;rs520954;rs311331
mh06LS-6qF,,3,,chr6,,rs4072989;rs4072990;rs4072991
mh07LS-7pA,,3,,chr7,,rs7811408;rs79944617;rs7811597
mh07LS-7pB,,3,,chr7,,rs10268146;rs10238503;rs62454235
mh07LS-7pC,,3,,chr7,,rs1558041;rs7804091;rs7785465
mh07LS-7pD,,3,,chr7,,rs10230265;rs41319647;rs55757856
mh07LS-7pE,,3,,chr7,,rs2971679;rs3808323;rs3808322
mh07LS-7pF,,4,,chr7,,rs62449423;rs55982365;rs55774616;rs12537311
mh07LS-7qA,,3,,chr7,,rs17138149;rs4718328;rs6977501
mh07LS-7qB,,3,,chr7,,rs2718309;rs2519943;rs2698210
mh07LS-7qC,,4,,chr7,,rs6950023;rs6967728;rs6968144;rs11760930
mh07LS-7qD,,4,,chr7,,rs62478760;rs62478761;rs3114751;rs3107961
mh07LS-7qE,,3,,chr7,,rs1000967;rs3807967;rs3807968
mh07LS-7qF,,4,,chr7,,rs79612779;rs77045455;rs74565097;rs6970221
mh07LS-7qG,,3,,chr7,,rs6605569;rs6422759;rs4076188
mh08LS-8pA,,3,,chr8,,rs1669704;rs1669705;rs1669707
mh08LS-8pB,,3,,chr8,,rs34448335;rs57127715;rs61094924
mh08LS-8pC,,3,,chr8,,rs10101032;rs6995621;rs10103941
mh08LS-8pD,,3,,chr8,,rs4404956;rs58354761;rs6991085
mh08LS-8qA,,3,,chr8,,rs28759336;rs28481384;rs11994317
mh08LS-8qB,,3,,chr8,,rs59432693;rs28405633;rs12542133
mh08LS-8qC,,4,,chr8,,rs2514619;rs2441702;rs2514618;rs2514617
mh08LS-8qD,,3,,chr8,,rs9693788;rs62512688;rs12548293
mh08LS-8qE,,3,,chr8,,rs78377547;rs13261122;rs13264472
mh08LS-8qF,,3,,chr8,,rs4736366;rs12675227;rs4736367
mh09LS-9pA,,3,,chr9,,rs7869571;rs10758734;rs10815336
mh09LS-9pB,,3,,chr9,,rs10757441;rs10966000;rs12238619
mh09LS-9pC,,3,,chr9,,rs7024904;rs7025270;rs10972687
mh09LS-9qA,,5,,chr9,,rs28397903;rs28667788;rs77690878;rs28622390;rs28425709
mh09LS-9qB,,3,,chr9,,rs4836757;rs12347183;rs77808236
mh09LS-9qC,,4,,chr9,,rs4841974;rs4841975;rs4841976;rs4841977
mh10LS-10pA,,3,,chr10,,rs10906066;rs1722445;rs10795929
mh10LS-10pB,,3,,chr10,,rs12356679;rs7898362;rs6482251
mh10LS-10pC,,3,,chr10,,rs35886556;rs10437420;rs12357844
mh10LS-10qA,,3,,chr10,,rs2435362;rs2506019;rs2435361
mh10LS-10qB,,3,,chr10,,rs11000938;rs10824126;rs10824127
mh10LS-10qC,,3,,chr10,,rs10761665;rs224309;rs10761666
mh10LS-10qD,,3,,chr10,,rs12218474;rs10823806;rs10823807
mh10LS-10qE,,3,,chr10,,rs1427811;rs1427810;rs1427809
mh10LS-10qF,,3,,chr10,,rs2480266;rs2478077;rs2478078
mh10LS-10qG,,3,,chr10,,rs10786557;rs10748781;rs10748782
mh10LS-10qH,,3,,chr10,,rs12413233;rs12358026;rs7096824
mh10LS-10qI,,3,,chr10,,rs2254671;rs7088405;rs7088146
mh10LS-10qJ,,3,,chr10,,rs4880355;rs4880356;rs11819098
mh11LS-11pA,,4,,chr11,,rs923174;rs923173;rs923172;rs12798137
mh11LS-11pB,,3,,chr11,,rs10834340;rs2403927;rs72877634
mh11LS-11pC,,3,,chr11,,rs11033036;rs11033037;rs10836354
mh11LS-11qA,,3,,chr11,,rs3087924;rs7941706;rs2241908
mh11LS-11qB,,3,,chr11,,rs1893082;rs2515254;rs10898363
mh11LS-11qC,,3,,chr11,,rs56287660;rs12287131;rs12294000
mh11LS-11qD,,3,,chr11,,rs12421613;rs678256;rs12418919
mh11LS-11qE,,3,,chr11,,rs7131666;rs66827679;rs10891801
mh11LS-11qF,,3,,chr11,,rs1944628;rs614934;rs481584
mh11LS-11qG,,3,,chr11,,rs4245135;rs11223856;rs76450250
mh12LS-12pA,,3,,chr12,,rs10845766;rs10845767;rs11055414
mh12LS-12pB,,3,,chr12,,rs7303704;rs7134218;rs12367880
mh12LS-12qA,,5,,chr12,,rs7969738;rs7969734;rs7969737;rs11170258;rs10735845
mh12LS-12qB,,3,,chr12,,rs1520766;rs1795615;rs1716505
mh12LS-12qC,,4,,chr12,,rs1717373;rs1796136;rs1717372;rs1717371
mh12LS-12qD,,3,,chr12,,rs11107224;rs4258423;rs2028204
mh12LS-12qE,,5,,chr12,,rs7314698;rs7298441;rs1650144;rs1704884;rs7314958
mh12LS-12qF,,3,,chr12,,rs1167705;rs3759394;rs2168319
mh13LS-13qA,,4,,chr13,,rs9551065;rs9551066;rs9551067;rs9551068
mh13LS-13qB,,3,,chr13,,rs73479329;rs73479330;rs79730377
mh13LS-13qC,,3,,chr13,,rs9536406;rs1443920;rs1373281
mh13LS-13qD,,3,,chr13,,rs2226052;rs9593143;rs7489352
mh13LS-13qE,,3,,chr13,,rs9515521;rs9301539;rs9522429
mh13LS-13qF,,3,,chr13,,rs1328055;rs538416;rs1328058
mh13LS-13qG,,3,,chr13,,rs673424;rs677248;rs677179
mh13LS-13qH,,3,,chr13,,rs9525210;rs55738068;rs56184652
mh14LS-14qA,,3,,chr14,,rs8003578;rs8008064;rs8006024
mh14LS-14qB,,4,,chr14,,rs80236290;rs72682330;rs28444441;rs28407670
mh14LS-14qC,,3,,chr14,,rs10149521;rs10149768;rs73331879
mh14LS-14qD,,4,,chr14,,rs79942607;rs1885038;rs10134226;rs2874093
mh14LS-14qE,,3,,chr14,,rs2284729;rs2284730;rs2284731
mh14LS-14qF,,3,,chr14,,rs3742668;rs3742667;rs3742666
mh14LS-14qG,,3,,chr14,,rs7153342;rs4900619;rs4900620
mh15LS-15qA,,3,,chr15,,rs9302369;rs9302370;rs1531502
mh15LS-15qB,,3,,chr15,,rs12915134;rs62026066;rs62026067
mh15LS-15qC,,3,,chr15,,rs12904034;rs34776089;rs34533413
mh15LS-15qD,,4,,chr15,,rs7403708;rs7182103;rs10083696;rs10083697
mh15LS-15qE,,3,,chr15,,rs7178328;rs7496956;rs7498013
mh15LS-15qF,,3,,chr15,,rs11247291;rs55712187;rs61556093
mh16LS-16pA,,4,,chr16,,rs2968440;rs2968439;rs2974823;rs2968438
mh16LS-16pB,,3,,chr16,,rs57875192;rs1634673;rs77745122
mh16LS-16pC,,3,,chr16,,rs40834;rs40835;rs40836
mh16LS-16qA,,3,,chr16,,rs9938606;rs59995108;rs56154385
mh16LS-16qB,,3,,chr16,,rs62039893;rs935748;rs8047307
mh16LS-16qC,,3,,chr16,,rs34106659;rs7500280;rs7499278
mh17LS-17pA,,4,,chr17,,rs35465410;rs36061336;rs60182035;rs71364155
mh17LS-17qA,,4,,chr17,,rs12936119;rs72821064;rs35315193;rs74887187
mh17LS-17qB,,4,,chr17,,rs12943234;rs2462963;rs12943575;rs12602930
mh17LS-17qC,,3,,chr17,,rs9914727;rs9913043;rs12949593
mh17LS-17qD,,3,,chr17,,rs11656588;rs12951666;rs12949878
mh18LS-18pA,,3,,chr18,,rs7228278;rs8084917;rs11080883
mh18LS-18pB,,3,,chr18,,rs12967471;rs36090891;rs12967637
mh18LS-18qA,,3,,chr18,,rs4513183;rs525399;rs1544260
mh18LS-18qB,,3,,chr18,,rs12971231;rs12606282;rs12373351
mh18LS-18qC,,4,,chr18,,rs73498041;rs58449404;rs13382000;rs58783546
mh19LS-19pA,,5,,chr19,,rs4919877;rs12985759;rs12980294;rs35851415;rs2040734
mh19LS-19qA,,3,,chr19,,rs10422403;rs62127361;rs12981020
mh19LS-19qB,,3,,chr19,,rs78203968;rs4801643;rs977070
mh20LS-20pA,,3,,chr20,,rs4815688;rs6076660;rs4815689
mh20LS-20pB,,3,,chr20,,rs4814145;rs6134621;rs6134622
mh20LS-20pC,,4,,chr20,,rs6137606;rs6137607;rs6137608;rs7265329
mh20LS-20qA,,3,,chr20,,rs742740;rs742739;rs3092132
mh20LS-20qB,,3,,chr20,,rs751090;rs751089;rs751087
mh20LS-20qC,,3,,chr20,,rs2427514;rs6122097;rs6011623
mh21LS-21qA,,3,,chr21,,rs2226764;rs2212787;rs2825102
mh21LS-21qB,,3,,chr21,,rs72613605;rs1619169;rs1619185
mh21LS-21qC,,4,,chr21,,rs2836622;rs28379071;rs2836625;rs8130575
mh21LS-21qD,,3,,chr21,,rs1047179;rs60525628;rs62214031
mh22LS-22qA,,3,,chr22,,rs5756987;rs5756989;rs5756990
mh22LS-22qB,,3,,chr22,,rs60600671;rs6001008;rs6001009
mh22LS-22qC,,3,,chr22,,rs28451832;rs28716243;rs28497237
