ID,Name,Chrom,SNPs,Forward,Reverse,Amplicon,AmpSize
1pA,mh1-1987049/096/145/156,1,rs4350140/rs4535948/rs4603072/rs4466593,TACATGTTGCCCGCCTCTTC,TGCTTGTGTGGCTTGAAGGT,chr1:1986933-1987195,263
1pB,mh1-30729052/070/109/133,1,rs6670835/rs1149053/rs1149054/rs1149055,GACAGACTGGAATGTGAGCACT,CATCTCTGCCTGACTTTTGGGA,chr1:30728998-30729283,286
1pC,mh1-46553582/679/720,1,rs1258047/rs36045414/rs1258048,GATCTCAAAGGAGAGGCACGTT,ggattGTAATCCCACAGTGCCT,chr1:46553506-46553789,284
1pD,mh1-58680514/523/637,1,rs4912370/rs4912371/rs11207291,CTATGATGCCAACCTAACCCACA,TGGAAAGCCTTCCTGTCCTATTG,chr1:58680465-58680698,234
1pE,mh1-91827052/072/172,1,rs901915/rs901914/rs4658276,GCGATGAACAGAGAGTTATCAATCTG,CATGCCTGGCACTTTACATCAC,chr1:91826912-91827199,288
1pF,mh1-104323602/681/790,1,rs7415047/rs34133846/rs7534381,GCCAACAATGCTTTTTCTGCAAG,AGCTCCCAATGTTATTTGCCCT,chr1:104323563-104323819,257
1pG,mh1-115842550/667/688,1,rs10923606/rs2811571/rs10923609,CATACAGGTGGCAATGGAAATGG,CATCAGTATGGATGTGTGGTGGT,chr1:115842513-115842738,226
1qA,mh1-158512252/258/348/394,1,rs12041348/rs12041350/rs12041380/rs12024350,CTGCATAAGCCTCAGAGATAGCAA,TCCAGTTTGCAACCTACTAGATCAC,chr1:158512190-158512473,284
1qB,mh1-172044709/780/851,1,rs1555382/rs1555383/rs10910971,CTGCATTTCCAGCCTGTACTCT,TCCTCCCCACAGGAAAGGATAA,chr1:172044662-172044885,224
1qC,mh1-201719704/769/827,1,rs67974334/rs11811659/rs67146338,AGTGGTTCTGGAAGCTTCTCTG,AGAGGCTACTTTCCACTCCCTT,chr1:201719655-201719866,212
1qD,mh1-212512407/570/586,1,rs72649990/rs28462080/rs28460233,GAGTGTGCTTCACAGTGAGTGA,TCTGATCCTTCCCCATCTGCT,chr1:212512341-212512624,284
1qE,mh1-222531127/152/166/211/297,1,rs4846760/rs4846369/rs4846370/rs4846371/rs11487852,GTACACGTGCACATCATGCTTC,TAGGAATGTGGAAAGGGCCAAC,chr1:222531071-222531342,272
1qF,mh1-230147759/786/900,1,rs6541297/rs60099055/rs57012367,ACTGTTGAGAGAAGCTGCCTTC,TGTGCTAGGAGCATCTACCACT,chr1:230147693-230147930,238
1qG,mh1-242826907/7030/7080,1,rs6429376/rs2809891/rs1333703,CTGCATGAAATGCAAGGGCTAG,AGACCAGAACTCAGGGTTCTGA,chr1:242826879-242827144,266
2pA,mh2-1719160/192/314,2,rs74656262/rs76453690/rs116964127,CATGCCTCCCACCTGAGTT,TATGTAAGGATTCGTGCTGGGG,chr2:1719136-1719404,269
2pB,mh2-12980960/1009/1020/1042,2,rs779347/rs7578329/rs36043527/rs7578347,CCTCCAGGCCTAGTATGAACCTA,CAGTCCAGTGAGAGAGACATGATG,chr2:12980908-12981121,214
2pC,mh2-40889563/587/681,2,rs7603066/rs7603080/rs7603198,CATCAACAAAAGGTACGTGCACT,TGCACTAACAACCACTGGAAATTG,chr2:40889454-40889744,291
2pD,mh2-50525129/265/283/286,2,rs10168080/rs35335349/rs6754625/rs2160449,CAGAACCTACTAACAATGCACTTGAG,ACGAAGGAACACAAATTGTAGGC,chr2:50525034-50525319,286
2pE,mh2-59904398/418/532,2,rs10174929/rs62143649/rs76960628,TGGCGTTTCTTCATCTCTATTCACT,CATCTTTTAAAAGTTCTGACTCGGTACAG,chr2:59904283-59904569,287
2pF,mh2-83704508/560/644,2,rs78281245/rs61453821/rs7608605,GTGGCAAAGCAGTTTTCAGCAA,AGCTCAAGTGATGTTGTTGGCT,chr2:83704479-83704737,259
2qA,mh2-102961904/1915/2092,2,rs4364040/rs4510239/rs4380261,TGGTACACCTTTACATCATCACCA,ACCTTGTCAGCATGCTGTTATATG,chr2:102961848-102962134,287
2qB,mh2-143835498/502/592,2,rs2593721/rs2593720/rs2593719,GAAGCTCCAGATGAGAGAAGTGTG,CGTTATGCAATGGCTGAGTTGAAC,chr2:143835377-143835667,291
2qC,mh2-159366197/199/391,2,rs750876/rs750875/rs888630,CAGGTGCAGAAAACACCTACTCT,TGCAGTGTTATTTACAGGTGGGAG,chr2:159366146-159366421,276
2qD,mh2-180485747/756/906,2,rs7557023/rs1901748/rs1901749,AGGGGCTTAAAGCAATCAATAAGGA,TGTGGTAGTTCTTACTCCATAAAGAGTG,chr2:180485681-180485945,265
2qE,mh2-204497437/494/626/637,2,rs10175601/rs10210256/rs10210537/rs10210370,GCAAAGCCCATGTGTCTAAAGG,GTTGGAATTGCTGGTCATTTTAGGA,chr2:204497407-204497686,280
2qF,mh2-215555209/251/261/366,2,rs1320134/rs1317878/rs1317879/rs1320136,AGGTGTATCGTTTTCCATTTTTGCT,CACTTAAACCCCTTGAACACAGTG,chr2:215555157-215555420,264
2qG,mh2-226060812/1009/1011,2,rs11683428/rs62189029/rs62189030,GCTGAGGATATTCCCACTGATTCTC,AGGTGTAAGGCTAGAGCCTAAAACA,chr2:226060776-226061041,266
2qH,mh2-241704758/894/937,2,rs4675889/rs4675794/rs3935478,TCAGACCTCTCCATACAACCAGA,TTGGCAATAAATATTTTGATTGGAAAGGG,chr2:241704730-241704982,253
3pA,mh3-6960143/274/286,3,rs62235452/rs13321431/rs62235453,GCAAACATCAACTAACCAGACCTT,AGCTGGAAAAGAGAGCTGGAAA,chr3:6960106-6960328,223
3pB,mh3-21955422/498/567/601,3,rs1497938/rs1846165/rs9810225/rs58842146,GGAAGAAGATGGGTTCTCTTGTCT,CTGAATCTATGCAGCAGGGTAAAC,chr3:21955387-21955670,284
3pC,mh3-31508097/266/296,3,rs4283599/rs55701727/rs55818200,GTAAGTAAGAGGCACCCAGAGT,CACAGAGAGTTCCTCTCAAGCA,chr3:31508070-31508334,265
3pD,mh3-68306722/788/808,3,rs6549115/rs66710880/rs67417462,GCTAAAGCTGGTCTCTGGAACTAC,TGGTCTCAGGGGAAACATGGTA,chr3:68306641-68306858,218
3pE,mh3-79781324/420/486,3,rs73128557/rs73128559/rs7612197,CCCTTGCCATTCCCCTCAGA,CCTACTCTCCCAATTATGTATCTCTGT,chr3:79781265-79781548,284
3qA,mh3-95881886/2030/2033,3,rs7624833/rs60306885/rs57436562,TGAGTGTATGGCAGCCTAATTATATTCA,AGCTGTTTGTCTTTCAAGTCTCCT,chr3:95881806-95882070,265
3qB,mh3-103639947/40092/40100,3,rs1878482/rs10804944/rs1878483,TCTTTAAGGGTTCAGTTTGTTCTCAC,CAGTCCCACAAACCAATCATCTTT,chr3:103639880-103640156,277
3qC,mh3-126347871/7878/8012,3,rs9859542/rs9839472/rs9843577,AGGGCACTGTCCATTACACAGA,TGCTAACTCTGGTGTTGGGAAC,chr3:126347844-126348100,257
3qD,mh3-143004069/087/155,3,rs11915462/rs60356687/rs28463805,TGCTTCCCTGCTTTTTATTTCTAACAC,AACGGGAATGTAACTACCAAAGAAAAC,chr3:143003990-143004212,223
3qE,mh3-175274859/866/957,3,rs7648629/rs7638328/rs4518138,CAGAAGCCCTTTGTCTCAAGCA,ACCTGAGCACTGAAGAACAATTCAG,chr3:175274780-175275058,279
3qF,mh3-182276940/7010/7016/7021,3,rs73884183/rs6791143/rs72622586/rs72622587,CACTTCTTATCACAGCAGATTTCCATC,CATGGATGAAATAGGAGAATCCCAGTA,chr3:182276866-182277059,194
3qG,mh3-194754152/199/285,3,rs4677636/rs4677637/rs4677638,CTCCGGTATCTCTGGGTAAGGT,CTCAAGAGCTCTGTCCGTTACC,chr3:194754093-194754377,285
4pA,mh4-2940812/814/958,4,rs1263336/rs2269498/rs55975608,ACAGTGTGGGCCAGGGAA,CCAACCCTGCCCCTTATTGG,chr4:2940742-2941011,270
4pB,mh4-16207396/403/430/569,4,rs4317201/rs4481232/rs4571326/rs73130456,TCCTCACACTGACATAAAACAAAAAGG,CTGATCAAGGCATCAGATCTCTCTT,chr4:16207353-16207643,291
4pC,mh4-27677978/7989/8090,4,rs4692038/rs297277/rs1375769,CTTCTTTGTTCAAAGTATTGTGATCCAGA,CACTTAGCCACTTGAGGCAGAA,chr4:27677936-27678173,238
4pD,mh4-35168225/285/346,4,rs13133300/rs13105107/rs13133684,GTGCTCTACCTTAGCCATGTGT,AGTCCCCAAGCAATCATGGAC,chr4:35168159-35168387,229
4pE,mh4-44974480/558/564,4,rs1497003/rs28544196/rs28638095,GGGTTTATCCACTAAGGACACACAAG,catggagcttacaGACTGAAAAGAAAAT,chr4:44974437-44974727,291
4qA,mh4-60535292/301/447,4,rs2175404/rs77691687/rs11131260,GTTTCCCAATTACACATATGCCTACATC,TGTGGTAGAATTAGAGTCACATGTGAG,chr4:60535238-60535523,286
4qB,mh4-72915136/258/290,4,rs28499048/rs11729184/rs11734315,GGCTGCCAAGGGAATAATAAAGTC,AGTCAAGCTTAAATGGATTCTACATGT,chr4:72915099-72915354,256
4qC,mh4-85385818/830/926,4,rs13121356/rs7674830/rs440754,GGGATCTCCTCATTGTACCTTGAC,GCTTCTCATAGGGGAAAGGAGTAG,chr4:85385782-85386069,288
4qD,mh4-101260476/587/611,4,rs3804421/rs962384/rs962385,CTTAAAATAGCACATCTGATTTCCCAGA,TGCTTTTTCAGGGGCAGAAGATA,chr4:101260432-101260701,270
4qE,mh4-115378329/413/424,4,rs7692050/rs7691782/rs7691762,TGTTAAAGCCACATTCACTTTTTCCTAG,GCTTGAGAATGTAATAACCCCTTCTAGT,chr4:115378250-115378534,285
4qF,mh4-124498324/480/511,4,rs12651542/rs13124572/rs13151837,TTTGTAATTATGGCTAAAGTATTAGTGATAGTC,GACATGAATAGTCATTCACCTTAAATTAGGA,chr4:124498287-124498548,262
4qG,mh4-137138497/611/617,4,rs7664548/rs7664226/rs7689221,CCCGTGGAAAGCATGATATGGTA,TGCTTTCTGTGTGTGCTGGAT,chr4:137138460-137138743,284
4qH,mh4-154004438/489/571,4,rs58857469/rs55944510/rs34333259,ATGTGTGGGGAGACTAGTGCAT,AGTGAATGCATGTGCACCTCTC,chr4:154004357-154004604,248
4qI,mh4-162585594/653/766,4,rs12511159/rs28729331/rs10006609,AGGATGATCATTGCATTTATTACATGTCA,GTGTCATGACAGTTAGCTCCCTAA,chr4:162585519-162585800,282
4qJ,mh4-174845656/790/795,4,rs74948478/rs1021402/rs1021403,CCTTATTACCCACTCTTCAGGAGCTA,GCTTATTAGCCATGGGATTCCTATCA,chr4:174845596-174845854,259
4qK,mh4-186640816/892/943,4,rs11132404/rs6820953/rs6820775,AAAATGTATTCTTATGCTTCACCAAAACC,GTTCTGTGAAATTAGTAAAGATTATGGGAGAA,chr4:186640776-186641065,290
5pA,mh5-1860057/167/245/251,5,rs1038563/rs1689746/rs4975705/rs4975706,TCTCCACAGAGACTCTTGGTGG,GAGGCCCCGCGAGCA,chr5:1859992-1860279,288
5pB,mh5-12979828/868/954,5,rs35459852/rs34279760/rs16902351,GCTCAATGGTAACAGCAGAAATAGTTC,CTCTCTTCAGATAGACTCCTTTATTGGTG,chr5:12979729-12980012,284
5pC,mh5-29621406/425/521,5,rs4469205/rs4546395/rs66484852,CAGAGGGATCAATATAGGCAAATCTCA,CTTCCAGGCCAATTGTTTTTAACCT,chr5:29621361-29621624,264
5qA,mh5-58793906/3912/4040,5,rs1423373/rs1423374/rs35734784,CATCTAGGTGGAGGAATCATTGGT,CTTGCTGCTGATTTATGACCTCTC,chr5:58793785-58794069,285
5qB,mh5-74544910/5024/5085,5,rs396975/rs405092/rs7731682,AACGATGTCCTCACTGTCACCT,TGTCTTCTTGCCTGCGATAGC,chr5:74544852-74545141,290
5qC,mh5-85243205/264/270,5,rs35749106/rs10452482/rs10452483,TGTTAACACTGATGGCGAGCA,TGCATTCGCCACAAATTGCTT,chr5:85243118-85243328,211
5qD,mh5-94697284/290/464,5,rs10044768/rs10039102/rs9918142,ACGTGGCAAACATAGGTTACTGT,TCTCAACCTTGTCTTCAGATGCAA,chr5:94697218-94697493,276
5qE,mh5-115023525/607/656,5,rs4267863/rs4626327/rs4624787,CAGATGACTTTTTGTCACCAACCTT,AGGTAGGTTCAAACGTGGTGAG,chr5:115023409-115023694,286
5qF,mh5-125660025/080/185,5,rs17153030/rs75080215/rs1122858,ACCGTCACCTCTTTGTAGGACT,AGACCTACTGGGTCCAGGAAATA,chr5:125659952-125660226,275
5qG,mh5-142109741/816/894,5,rs6580224/rs6580225/rs12109469,TGTGCCGGGTGTATTTTAAATGC,CATCAGTTTACCACCTGGCTCA,chr5:142109662-142109926,265
5qH,mh5-176568834/912/934,5,rs36070803/rs36018611/rs10056130,TCTGGACTACGAGGTAAAGAGCA,CTCACGGAGATGGTGACTTTGAA,chr5:176568804-176568994,191
6pA,mh6-452728/732/759/778,6,rs870080/rs55776749/rs62390361/rs9405689,TCCCAGGAGATGACTGCTACAG,CTGTAGGTTCTTCTCCCCAGGT,chr6:452577-452844,268
6pB,mh6-27425930/6092/6105,6,rs7747444/rs12526495/rs12529840,TCTCCCAGATCTCACTCTCTTCAG,AAGCCAGATGACAGAGGTATGCTA,chr6:27425871-27426158,288
6pC,mh6-36998194/260/349/350,6,rs708012/rs708013/rs708014/rs12530030,TCCAAGCCACTCATGTTTCTGT,AGAGGCAAGGATTGTGTTTCTAGG,chr6:36998137-36998423,287
6pD,mh6-45920098/185/285/296,6,rs3822877/rs3822879/rs3822881/rs3822882,GACAGGTGCTGCAAAATGTTCTC,GATGTTTCATTGTCACACAGCCC,chr6:45920049-45920330,282
6pE,mh6-55528157/158/284,6,rs7743010/rs7743274/rs4314500,CCACCACCAACTCTATCGATAATCC,ATCGCCTTTAAGAGGAGTTACTGC,chr6:55528100-55528374,275
6qA,mh6-65542037/118/127,6,rs1556394/rs9363389/rs9345647,CCTGGGAACCTGGAATGATAGAAG,GAAGTGCCTGGAAATAATCCCATAG,chr6:65541915-65542203,289
6qB,mh6-77681361/439/445,6,rs13197085/rs12205977/rs1458412,CTGTTTTTCACCGCCAGGGTA,CATGGCACAACCAGCAATCAC,chr6:77681241-77681530,290
6qC,mh6-107704804/813/933,6,rs11153075/rs11153076/rs6903929,ATGGATAGGTCCCCAGGTCAG,CCTTTTCGAGAGGCTCCTCTG,chr6:107704764-107705023,260
6qD,mh6-144281002/030/122,6,rs587889/rs665135/rs588334,GCGTAGACTGTGTTTTGTTCAGT,AGGAGCTGAAATGTGGAATCCA,chr6:144280975-144281174,200
6qE,mh6-152814204/243/272,6,rs9479402/rs520954/rs311331,GCAGATATGGAGAAAATCTTCACATTCC,GTAGGTTACTGAGCTCAGAAAATGAATG,chr6:152814131-152814319,189
6qF,mh6-165727439/571/575,6,rs4072989/rs4072990/rs4072991,GGAGAGAGAGGAGGCTTTCCA,CTTCCTCCTATCTACTCCCTGCA,chr6:165727400-165727664,265
7pA,mh7-946204/291/360,7,rs7811408/rs79944617/rs7811597,CTGGGTCTTAGGAGGAACTAGTTG,TTGGGCAAGATTGCCTTTGC,chr7:946179-946397,246
7pB,mh7-10789582/643/723,7,rs10268146/rs10238503/rs62454235,TCCAACTCCACCTCCGTGT,ATCCTCACAATGGAATGGGACC,chr7:10789478-10789768,219
7pC,mh7-19940740/773/856,7,rs1558041/rs7804091/rs7785465,CTTGGCTGTAAACCTCTTTTTGGAA,TAGCCCCAAAACACTATTTTTACATGC,chr7:19940693-19940891,291
7pD,mh7-35567404/461/536,7,rs10230265/rs41319647/rs55757856,CTTTTTGGATTCATGGACAAACCAGA,AGGAAAGCCTGACCTACACAAATAAT,chr7:35567345-35567598,199
7pE,mh7-44151710/747/763,7,rs2971679/rs3808323/rs3808322,TGTATAAATTCTGTCTGTGTGACCGAA,GACATAACAATTTGGAGAAACCAGAGAC,chr7:44151613-44151881,254
7pF,mh7-54459338/406/443/474,7,rs62449423/rs55982365/rs55774616/rs12537311,CATCCCACTGCCTTGATTCAC,GACAGCAATCACAATGTCTACCC,chr7:54459275-54459554,269
7qA,mh7-66228193/350/355,7,rs17138149/rs4718328/rs6977501,AGATCACTGAAGCTTAAAACTTATTAAAACATG,TTGGGTTAGTGCATGCAAGTCA,chr7:66228158-66228404,280
7qB,mh7-88765334/417/434,7,rs2718309/rs2519943/rs2698210,TGGGAAGTCATTAGAGGGTATCAGA,CTGATACATGTCAGAATGCAACAGG,chr7:88765304-88765495,247
7qC,mh7-98286323/325/385/477,7,rs6950023/rs6967728/rs6968144/rs11760930,TGGTATCATGGGTAGGCTAAATGTG,CCAACACAGCCTAAAACCAACTG,chr7:98286256-98286538,192
7qD,mh7-109825096/124/233/285,7,rs62478760/rs62478761/rs3114751/rs3107961,TGCCAGCCCCCTCTGTC,GAGTTGGTGAGGTGGGTTTCAA,chr7:109825057-109825339,283
7qE,mh7-116223260/387/392,7,rs1000967/rs3807967/rs3807968,CAAAAATAATCATCCAACAGTGAAGAGAAG,GGTAATTTTGTAGAGAAAATACAAACTATTCTTT,chr7:116223191-116223459,291
7qF,mh7-128870866/888/957/970,7,rs79612779/rs77045455/rs74565097/rs6970221,GGGGCCTAAATTTCGCTCCTA,ATGCCACAGTCATCCTTAAAGAAC,chr7:128870835-128871084,269
7qG,mh7-155353189/266/289,7,rs6605569/rs6422759/rs4076188,GTGTGGAAGGTGCTTCACTGA,CTTCCTGGCTCTAGTCTAGGTGA,chr7:155353089-155353334,250
8pA,mh8-547113/127/247,8,rs1669704/rs1669705/rs1669707,CATTTAGCTTTCTTCTGAAGAAGAGCA,GACACTGGATTGTGTAAAGTATGCC,chr8:547080-547349,270
8pB,mh8-10518109/145/239,8,rs34448335/rs57127715/rs61094924,ATCACAATGCAGGGCAGAGTG,ACACCAAGGCAGACAAGGAGTA,chr8:10518043-10518286,244
8pC,mh8-19756502/636/649,8,rs10101032/rs6995621/rs10103941,GGCACAGTGCTGTTAACATCTC,GCTAGTGGGGGATGTGGC,chr8:19756411-19756682,272
8pD,mh8-29616927/7078/7103,8,rs4404956/rs58354761/rs6991085,GGAACTTGTATTTGGTTACTTAATTTTGTTTCAG,AGTCCTGTGGGAATAGCACAGAT,chr8:29616889-29617168,280
8qA,mh8-60271584/624/690,8,rs28759336/rs28481384/rs11994317,GCAAGGTTGCCAAGAAACACTG,CACTCCAGCTGACTACAAGCAA,chr8:60271481-60271739,259
8qB,mh8-68082699/750/828,8,rs59432693/rs28405633/rs12542133,CAGTCAAAACAGCGGTAGTTTATAGG,TCTGTATCTACATCAATGACACCCAA,chr8:68082623-68082859,237
8qC,mh8-101133535/641/643/685,8,rs2514619/rs2441702/rs2514618/rs2514617,GGAAAAAGTCCATTCCTCACTTGG,CTGAATCTACACAACCGGGTGA,chr8:101133486-101133769,284
8qD,mh8-116835749/847/860,8,rs9693788/rs62512688/rs12548293,TGTCCATCGTCCTTGAACACAG,CCTTCACCAGTGCCTGTACTTT,chr8:116835704-116835920,217
8qE,mh8-136290219/272/289,8,rs78377547/rs13261122/rs13264472,GAAAGATGCTCCCTATTTGGGAGA,GACTAGGGAGAACCGAATAGATGC,chr8:136290175-136290422,248
8qF,mh8-142661001/023/065,8,rs4736366/rs12675227/rs4736367,GGACTTTAACTGGGGACAACTGA,CCATATGCTTCATTCGTGCTCAG,chr8:142660905-142661122,218
9pA,mh9-6000422/551/580,9,rs7869571/rs10758734/rs10815336,TGTTCTGGGCAACTCTCATCTTA,AGAATTAAGACAATAAAAATGTCCTAACAGATT,chr9:6000392-6000618,227
9pB,mh9-23635143/146/207,9,rs10757441/rs10966000/rs12238619,gtctctggaaGGCATGTAAAACTC,CTGAAGTTGCCGTGATATCACTC,chr9:23635095-23635362,268
9pC,mh9-36010365/433/555,9,rs7024904/rs7025270/rs10972687,AGCTGTTTCATTGGTATGATATTATTCTCAC,TGCAGATCATATGAAGAAAATATTCCCTCT,chr9:36010320-36010610,291
9qA,mh9-88945871/6039/6042/6046/6056,9,rs28397903/rs28667788/rs77690878/rs28622390/rs28425709,GCACCTGCTCCATCATGACTG,CAACATACACACAGTAGCCAAAGGA,chr9:88945823-88946109,287
9qB,mh9-116564334/350/488,9,rs4836757/rs12347183/rs77808236,CCTCCCAGTCATGGGATGGA,GGAATTAATCATGTGGCCAGCAC,chr9:116564308-116564593,286
9qC,mh9-135392593/625/637/711,9,rs4841974/rs4841975/rs4841976/rs4841977,AGAGGCAGCATCCACAAGTTG,ACCTGGCAGATCACTGAAGGT,chr9:135392557-135392746,190
10pA,mh10-12081667/668/772,10,rs10906066/rs1722445/rs10795929,GGAAAGCTGGAAGATGTGTTTGG,tgtgcctggccCTAGACTAAAG,chr10:12081526-12081816,285
10pB,mh10-23068047/080/131,10,rs12356679/rs7898362/rs6482251,TCCCCTATAGCCACACATCCAT,ATGCCAGGTACTTGGTATTTGCT,chr10:23068012-23068165,247
10pC,mh10-35046057/116/252,10,rs35886556/rs10437420/rs12357844,CCAGGCAGCTGCAGATTGG,GATGCACGGAGAAGAGTCCAAA,chr10:35046009-35046287,284
10qA,mh10-43083331/467/505,10,rs2435362/rs2506019/rs2435361,GCATCTCTCACTGCATCTTGGA,TGAGTCTGGAGGGATTCAGCT,chr10:43083256-43083533,285
10qB,mh10-52144387/438/469,10,rs11000938/rs10824126/rs10824127,GAAATGGCATCCGATCCACAAG,CTGATCACTGCCTTTGTGGTTG,chr10:52144255-52144539,233
10qC,mh10-62848538/544/601,10,rs10761665/rs224309/rs10761666,AGGGAGAAAGGAAACTGCTCTG,TCTCTACTCTGCGAATTCCTGC,chr10:62848449-62848695,242
10qD,mh10-71634144/299/303,10,rs12218474/rs10823806/rs10823807,CCCCATGCTGTTTGTCTGTCT,CTGTGGCAGCTGAAACCAGTA,chr10:71634072-71634355,160
10qE,mh10-79630161/180/219,10,rs1427811/rs1427810/rs1427809,TGATCATGTCAGAGGTGGCTCA,GTCAGGGTTGAGAATGCACATCA,chr10:79629975-79630259,282
10qF,mh10-90206230/327/348,10,rs2480266/rs2478077/rs2478078,GTGGTAACCACTCCTTCCTAAGC,CTGATTCTTCCAGGGCTGGTTC,chr10:90206193-90206425,278
10qG,mh10-99523571/573/632,10,rs10786557/rs10748781/rs10748782,TGCCAAAATCAACCCCCTCTTC,ACAGGCCTCCTCAGAACTTCTA,chr10:99523453-99523694,291
10qH,mh10-111432667/700/772,10,rs12413233/rs12358026/rs7096824,AAAAGACACCGGTGTTCCACTG,AAGGGGCAAAAGGAAACTGGAG,chr10:111432639-111432798,154
10qI,mh10-121111532/675/691,10,rs2254671/rs7088405/rs7088146,GGAAAAGCATCCAGGCAATTACC,TCTCACCAGATTGAATGTGGGC,chr10:121111452-121111733,279
10qJ,mh10-132237561/688/743,10,rs4880355/rs4880356/rs11819098,CAGCACCTTGAAAACTCGTGAC,CTCAAAGCTCCTTAAGCCTCAGG,chr10:132237521-132237798,278
11pA,mh11-12051115/117/276/279,11,rs923174/rs923173/rs923172/rs12798137,TTGGGGAAGAGGTTTCCTGGA,AGCAGCTGAGGAACTCTGAGA,chr11:12051087-12051370,284
11pB,mh11-24408883/9048/9072,11,rs10834340/rs2403927/rs72877634,CAGGTTGTACACACCATGGCAT,ACAGCACTGAAAGTGTCAACGG,chr11:24408833-24409100,268
11pC,mh11-35239380/487/552,11,rs11033036/rs11033037/rs10836354,GAAGCTCTTGGCTAAAGAAATTTCCT,CCTTTGTGTGGTTCATCAACGAG,chr11:35239349-35239609,261
11qA,mh11-62787587/614/770,11,rs3087924/rs7941706/rs2241908,CGATGACTCGGACCCAGGT,AGGAGCCACGAAACCCGA,chr11:62787510-62787798,289
11qB,mh11-70104795/890/982,11,rs1893082/rs2515254/rs10898363,GAACCCAGAGGGACTTTGGATG,CAAGCCCCTGTTCTGGATCTG,chr11:70104762-70105042,281
11qC,mh11-80844932/5097/5104,11,rs56287660/rs12287131/rs12294000,ACTATATGCTAACAAGCAATGGTTTGAG,GTGAGAAATATGCTCCAATCCCCT,chr11:80844900-80845178,279
11qD,mh11-92548924/9009/9081,11,rs12421613/rs678256/rs12418919,GAAGTGAGAGAAGTTGGCATTTGC,CCATTTGGCACCCAGAAGAAGTA,chr11:92548889-92549113,225
11qE,mh11-115165135/208/273,11,rs7131666/rs66827679/rs10891801,GGTGTCCACACTGACAATTTGC,TGAGCACGTAGAGCAAGTTCTG,chr11:115165088-115165377,290
11qF,mh11-127025586/628/687,11,rs1944628/rs614934/rs481584,GGGAAGCAGGAGAATTGTTTGG,CTCTGAAACCAGTTCCTCCACT,chr11:127025522-127025767,246
11qG,mh11-134478240/245/322,11,rs4245135/rs11223856/rs76450250,GCTGATTCTCAAAGTGGCCTCT,TGGAAAGGACCCTTCTTTGCAG,chr11:134478193-134478377,185
12pA,mh12-13420587/700/702,12,rs10845766/rs10845767/rs11055414,TTGACACTCTGGGCCTTAATGG,CAACAAGGTGAGAGTCACAGGT,chr12:13420510-13420775,266
12pB,mh12-29086729/787/889,12,rs7303704/rs7134218/rs12367880,CAGGGACTTTTTCTGCACAGGA,TAGCAGCTCAGGCAGCTAGATA,chr12:29086652-29086926,275
12qA,mh12-52741299/328/333/407/428,12,rs7969738/rs7969734/rs7969737/rs11170258/rs10735845,GGAGGCAGAAAGGAAAACATGC,CTCTGACGATTTGCATTTGGGC,chr12:52741265-52741465,201
12qB,mh12-64611235/285/299,12,rs1520766/rs1795615/rs1716505,GCTTGGGTCAACGTGTAATAGC,AACCGGCGAAAAGGTTAGCT,chr12:64611122-64611399,252
12qC,mh12-78576646/704/730/815,12,rs1717373/rs1796136/rs1717372/rs1717371,CCACTTTAGGACCAGGTCTAAAGG,GACTTTGATTTGAACCATGTATTTGACC,chr12:78576567-78576857,291
12qD,mh12-93864450/453/506,12,rs11107224/rs4258423/rs2028204,GATGGGAATATTAGCCCCACACA,GAGAGCTACATTTCAAGGAGGCA,chr12:93864367-93864632,266
12qE,mh12-104583417/426/511/516/597,12,rs7314698/rs7298441/rs1650144/rs1704884/rs7314958,AATGGGGCTCAGCTTTGCAT,CATCAAGAAGTGCTGAAGGGGT,chr12:104583358-104583626,269
12qF,mh12-120495289/370/414,12,rs1167705/rs3759394/rs2168319,CCAACCAAGAATCTCTCCCACA,AAGGAGGGAGGGTGTTTCCTTA,chr12:120495258-120495460,203
13qA,mh13-24130689/693/782/792,13,rs9551065/rs9551066/rs9551067/rs9551068,TGCTGATAACATGCTGACGGTT,TGTCTCATTCCTCCGTAGCTCA,chr13:24130662-24130943,282
13qB,mh13-46330559/633/668,13,rs73479329/rs73479330/rs79730377,TCACCAGACCAGATACGAGGTT,ACGTCCAAGTACATGCACACAG,chr13:46330497-46330782,286
13qC,mh13-53365014/091/197,13,rs9536406/rs1443920/rs1373281,GCAGTCCTGGATTGATCAGCA,ACAGGAGAGTCATCAATTGTCAATTAAAAG,chr13:53364949-53365239,290
13qD,mh13-75948926/8956/9019,13,rs2226052/rs9593143/rs7489352,CAGGAAGCCCATACTATCAACACA,AACCCGTCTTAGGGCTTATAAATTGT,chr13:75948890-75949110,221
13qE,mh13-86540463/512/659,13,rs9515521/rs9301539/rs9522429,GCTTCGTGCTAGATAAAGCCTTATG,AAAAACACAACAATATAAATGCATTCATACA,chr13:86540422-86540696,275
13qF,mh13-96407596/649/753,13,rs1328055/rs538416/rs1328058,gcgttCACCTGGTTAGATAGGTT,TCCTTTTCTTTTAGCATTTCCCTTGTT,chr13:96407523-96407804,282
13qG,mh13-102654868/4972/5010,13,rs673424/rs677248/rs677179,GCTGTACAGATGACACTGATGCA,TGTCATTCTCCCTCTGAGGTCAG,chr13:102654797-102655060,264
13qH,mh13-114035629/633/707,13,rs9525210/rs55738068/rs56184652,GGTCCCTATCCATCTTTCTCAGGA,CACATCTCTCCAGGGTTGTAAGAG,chr13:114035541-114035818,278
14qA,mh14-20727667/710/808,14,rs8003578/rs8008064/rs8006024,AGAAGTAATCCTTGCTGGACACA,CTAGAACGTGAAGAACCCAGTGA,chr14:20727620-20727875,256
14qB,mh14-33572037/068/090/139,14,rs80236290/rs72682330/rs28444441/rs28407670,TGGGCTAATGCAAAGGACAGAC,AAGGCACCAGGAATGCACAA,chr14:33571972-33572217,246
14qC,mh14-44538405/436/523,14,rs10149521/rs10149768/rs73331879,AGGAGTCCTGTCTGCACTGA,TGAGCCCTGTGTCCTACATG,chr14:44538302-44538559,258
14qD,mh14-67511789/809/813/925,14,rs79942607/rs1885038/rs10134226/rs2874093,GTCGCCTTTCAGAACCATCCTT,GGAAAAGGCAGTGGTTTTCACC,chr14:67511674-67511958,285
14qE,mh14-80998510/557/611,14,rs2284729/rs2284730/rs2284731,catgtttggtgggtgttacaaagg,GAGAGACAGCCAAGATTAGCCATT,chr14:80998428-80998648,221
14qF,mh14-90301415/512/516,14,rs3742668/rs3742667/rs3742666,CTGTCGGGTTTGAAGAAGGTGA,TGGATTATAATACTGTGTGAGACGCTT,chr14:90301266-90301550,285
14qG,mh14-104316322/414/453,14,rs7153342/rs4900619/rs4900620,TGGCCCATCTTCTGGGACT,CCAACCTGGAAGCACCTGT,chr14:104316247-104316489,243
15qA,mh15-27602580/609/747,15,rs9302369/rs9302370/rs1531502,CAACCACCCCTTCACATTTTATGTTC,TCTGTGGGGTTCTTTTTGTTGT,chr15:27602519-27602775,257
15qB,mh15-53159314/324/431,15,rs12915134/rs62026066/rs62026067,TCACTAAATATGGTCCCGCAAGG,AGACAAGGGCAGAATGGTGAAC,chr15:53159287-53159473,187
15qC,mh15-69304596/621/651,15,rs12904034/rs34776089/rs34533413,TAATTCTCACCCATGCCCTGTC,CTGACCATCTTGGTCAAAGGGT,chr15:69304569-69304789,221
15qD,mh15-78831543/604/674/697,15,rs7403708/rs7182103/rs10083696/rs10083697,TGGCACGCTATTGCATTGTG,AGCAGCAGCGAACAGGT,chr15:78831452-78831726,275
15qE,mh15-91536647/714/773,15,rs7178328/rs7496956/rs7498013,ACTCCAAGGAGGACAAATGCTAG,CAAGACTGTGGCAGGTGAATAGA,chr15:91536568-91536818,251
15qF,mh15-101401241/328/414,15,rs11247291/rs55712187/rs61556093,CTAGAGACATTCGGCAGTGTCA,GCATCTAAGTCCACTTGCCTTG,chr15:101401207-101401475,269
16pA,mh16-828087/161/223/242,16,rs2968440/rs2968439/rs2974823/rs2968438,GGGAACAGCCCAGCTCAG,GTTGTAGGCAGGTGTCTGCTT,chr16:828022-828283,262
16pB,mh16-19880935/0984/1051,16,rs57875192/rs1634673/rs77745122,CCATTCTAGAACATTCTTACTGGCCTT,GAGAGTGAACTGTGTACCCGTATTC,chr16:19880826-19881115,290
16pC,mh16-28499072/134/216,16,rs40834/rs40835/rs40836,GCGGGGATAACACAAACCTCT,AACCCCTCTCTGCTCCTACATT,chr16:28499046-28499269,224
16qA,mh16-49595295/400/414,16,rs9938606/rs59995108/rs56154385,ttttcctccccaatgaggacag,GGAAGGCAGGAAGATGCTAGT,chr16:49595177-49595441,265
16qB,mh16-57674122/144/239,16,rs62039893/rs935748/rs8047307,AAGCGCAGGGAGAGTATAGTCA,TCTCCCCAATCCATCTCTCCTT,chr16:57674083-57674270,188
16qC,mh16-76868825/950/953,16,rs34106659/rs7500280/rs7499278,ACACAGAAACACTGCTCAGAGTC,ACGTATAGTTTTCACAGTGATGACCT,chr16:76868785-76869032,248
17pA,mh17-12218325/392/434/522,17,rs35465410/rs36061336/rs60182035/rs71364155,ATGTGTGGTGAAGAGAGGATGG,CCTTTGCGAAACTGCAAAAACC,chr17:12218270-12218558,289
17qA,mh17-33970547/587/589/732,17,rs12936119/rs72821064/rs35315193/rs74887187,CGTGGCATCACAGTTGGACT,GAGTCAGCCTGGACACCTTTC,chr17:33970508-33970777,270
17qB,mh17-40705403/505/528/533,17,rs12943234/rs2462963/rs12943575/rs12602930,GGTGCTTCCAGAAATAGTTTGTATCC,ACTCCTGTGAAAACAGTACAGGTAG,chr17:40705346-40705620,275
17qC,mh17-54617721/723/870,17,rs9914727/rs9913043/rs12949593,GATCAAATGTCTTTATATAAGAAAAACAGAGTTC,CAGAATCTCAGAAGTTCCCTGGT,chr17:54617667-54617922,256
17qD,mh17-81067161/204/334,17,rs11656588/rs12951666/rs12949878,TTCCCTTCCAGAGCCCAACC,TGGAGGGTCCCCACAGAGTT,chr17:81067116-81067363,248
18pA,mh18-1648913/8946/9009,18,rs7228278/rs8084917/rs11080883,GGAAATGTACATGGGAGGAGGAAG,CGATGAAGAAAATTGTAGCCCTAAGC,chr18:1648838-1649048,211
18pB,mh18-11578129/218/238,18,rs12967471/rs36090891/rs12967637,AAATCATCCCCACCAGAACCAT,GCATGCATGTGGCTTTCATTTC,chr18:11578094-11578349,256
18qA,mh18-42056338/401/516,18,rs4513183/rs525399/rs1544260,GTTGTTTGAGTTTTCTGACAAGAAGGA,ACAGGTGTAGATACATTTTCCTTGGTT,chr18:42056307-42056581,275
18qB,mh18-52103231/255/320,18,rs12971231/rs12606282/rs12373351,TCTCCTGGGCATCCATTTATGC,ACCAGGCTACCCAAATCATCAC,chr18:52103120-52103375,256
18qC,mh18-78243467/550/557/627,18,rs73498041/rs58449404/rs13382000/rs58783546,CCCGATTCTGAGCATCAAGGAA,CAAGCATACATCTGGAGGACAAAAC,chr18:78243424-78243693,270
19pA,mh19-645780/797/801/903/934,19,rs4919877/rs12985759/rs12980294/rs35851415/rs2040734,GCTTATTCGCAAGCCCAAACC,AGGAGCCTGCTGCACGA,chr19:645727-646013,287
19qA,mh19-32967227/289/331,19,rs10422403/rs62127361/rs12981020,ACATTGCCTCACACCTCATAGG,CTCACCACTTTGGGGATGAAGA,chr19:32967167-32967425,259
19qB,mh19-55911606/667/708,19,rs78203968/rs4801643/rs977070,AGTTAGAGCTGCTCCAGACCAT,AGCAGTCACATCCTTGAAAGGG,chr19:55911563-55911743,181
20pA,mh20-4334692/856/885,20,rs4815688/rs6076660/rs4815689,TCACCCTAAAACCTACCCGGAA,ACAGTGCGCTTCTCTTCAGAC,chr20:4334634-4334917,284
20pB,mh20-12674881/4924/5006,20,rs4814145/rs6134621/rs6134622,gtgggcTACTGTGTATGCAGA,GAGAGGTACCAAGTGTGGACAG,chr20:12674811-12675058,248
20pC,mh20-22330802/810/874/973,20,rs6137606/rs6137607/rs6137608/rs7265329,TCTGCTTGCTTGTGCAGTCT,ACAGGACAGTAGAAGATCCCTACC,chr20:22330771-22331037,267
20qA,mh20-40717241/300/307,20,rs742740/rs742739/rs3092132,TGGCTGGCATTTCTTAGAGGATG,CTCTTGGGCGCCTTTATTCCT,chr20:40717112-40717368,257
20qB,mh20-54160200/230/378,20,rs751090/rs751089/rs751087,TCATACGAGGGTGCCAACAC,GTCTTCATGTCTGCGGAGGT,chr20:54160153-54160441,289
20qC,mh20-63124779/838/974,20,rs2427514/rs6122097/rs6011623,AGAGGAGGGAATGGAGGTGAG,GTTCATCCTGACAGCCCTCAG,chr20:63124749-63125038,290
21qA,mh21-18775368/420/523,21,rs2226764/rs2212787/rs2825102,GGACTTAAAAAGTAAAACTAGGCTTTGTG,AGCAGGAAGTTTGAACAAAATGGTTA,chr21:18775323-18775613,291
21qB,mh21-30568687/804/813,21,rs72613605/rs1619169/rs1619185,CTGTATCAGTGGTATTCCAGAAAATATCC,ccatcccatatcaACATTTTAAAGGAGAA,chr21:30568636-30568873,238
21qC,mh21-38685564/617/643/673,21,rs2836622/rs28379071/rs2836625/rs8130575,TGTGGCTCCCCAAGTCCA,GCATGGTGGCTCCTTGCT,chr21:38685531-38685706,176
21qD,mh21-46138559/672/677,21,rs1047179/rs60525628/rs62214031,CAGGCCAGGTTCCCACAC,GTACCTGGGTGCTGTGACG,chr21:46138523-46138813,291
22qA,mh22-22132253/415/434,22,rs5756987/rs5756989/rs5756990,ACCCCATTTCCTCATACATTGCT,GTCTGTCCTATTATGTAGCCCTTTACT,chr22:22132193-22132470,278
22qB,mh22-38109259/340/349,22,rs60600671/rs6001008/rs6001009,AGGGGAGGAAAAAGGTGTAGAGA,AGCTTAGAACAGGACCCCAAAAG,chr22:38109223-38109428,206
22qC,mh22-48867296/365/380,22,rs28451832/rs28716243/rs28497237,GAGCACTGTGATCAAAGGCTCA,CACATTCTGTTGCTGGAAGGGA,chr22:48867224-48867461,238
XpA,NA,X,rs2056688,GGATCATGATACCTGCCCAACATG,ACCACACGTGTTCACACCTAGA,chrX:4148578-4148741,164
XpB,NA,X,rs1534285,CCACAAGACTAAGCCAAGACCA,ACAGGACGTCAATTCACCAGAA,chrX:11864404-11864655,252
XpC,NA,X,rs763056,GAAAGTCATCCACCCCAGCAT,TACCTGACCTCCTCTTGGCAA,chrX:18133218-18133472,255
YqA,NA,Y,rs17316592,CCTTCTGTGTTTGTCCAGAGGT,GTTGCCATCTGTCCCCTCTTAA,chrY:16448043-16448202,160
YqB,NA,Y,rs3900,GGACCCTGAAATACAGAACTGCA,CTCATTTTTGAAGCTCGTGAAACAGA,chrY:19568322-19568540,219
YqC,NA,Y,rs13447352,TAGAGGGTATTGGGGTAGGCAA,ATGCCTTCAGGCTTCTAGCTTC,chrY:20587869-20588084,216
