Microhaplotype ID	Position	rs_ID	Ae value (EAS)
mh01WL-024	246949103;246949110;246949133;246949157;246949247;246949253;246949298	rs71533488;rs71533489;rs75460336;rs75568726;rs61852524;rs74220508;rs61852525	16.10
mh01WL-001	202616547;202616589;202616590;202616616;202616637;202616676;202616687	rs16850184;rs57658975;rs72750624;rs11589785;rs58023111;rs59815839;rs58060874	10.13
mh01WL-002	145060647;145060757;145060768;145060784	rs895147;rs3842885;rs674143;rs1343584	9.24
mh01WL-027	2037908;2037926;2037927;2037946;2037965	rs3128333;rs148611022;rs144236779;rs112359187;rs7364595	8.87
mh01WL-003	85993399;85993503;85993552;85993595;85993596	rs115556970;rs2795973;rs2773176;rs117021403;rs2773177	8.81
mh01WL-088	81855905;81855907;81855984;81855993;81855997	rs74093538;rs74093540;rs4417124;rs77467812;rs78020579	8.05
mh01WL-005	212345501;212345520;212345583;212345628;212345669	rs11119867;rs11119868;rs4951574;rs11583051;rs7550051	7.36
mh01WL-006	236682114;236682164;236682179;236682248;236682308	rs10802546;rs1266382;rs1266383;rs4659682;rs10925157	7.18
mh01WL-007	107919366;107919409;107919425;107919523	rs6662274;rs6685989;rs6677537;rs6662404	6.97
mh01WL-089	201180100;201180145;201180148;201180162;201180269	rs4915223;rs12022767;rs145517342;rs12029809;rs61818163	6.47
mh01WL-008	241849430;241849572;241849603;241849605	rs7414398;rs7516595;rs67239029;rs7538602	6.47
mh01WL-033	102040446;102040450;102040453;102040467;102040519;102040534	rs12562987;rs7544172;rs79314878;rs78437080;rs7541801;rs7544268	5.75
mh01WL-090	985266;985446;985449;985450;985460	rs2275813;rs2275812;rs2799067;rs397834473;rs2275811	5.63
mh01WL-010	168453242;168453297;168453329;168453337;168453380;168453395;168453428	rs10918905;rs74120927;rs72703787;rs11576829;rs78127998;rs858113;rs10918906	5.31
mh01WL-051	234383805;234383887;234383896	rs61823371;rs61823372;rs199598985	5.14
mh01WL-011	226846328;226846359;226846391;226846519	rs16846350;rs74139746;rs12093903;rs3820638	5.12
mh01WL-091	244391489;244391528;244391535;244391618;244391688	rs12139694;rs77947383;rs6703524;rs6692542;rs10429916	5.11
mh01WL-092	215128532;215128671;215128675	rs1452625;rs552575;rs11120452	5.03
mh01WL-093	207807908;207807921;207807928;207808038;207808042	rs11118209;rs4844383;rs4844384;rs10863425;rs10863426	5.00
mh01WL-094	223824412;223824503;223824594;223824601	rs9659094;rs28679358;rs28537987;rs56183786	4.99
mh01WL-012	161955633;161955656;161955680;161955758;161955775;161955804	rs16835120;rs2490423;rs150658758;rs16835127;rs10918374;rs2341465	4.99
mh01WL-095	4999733;4999734;4999750;4999852	rs78194757;rs75554533;rs143905868;rs12135772	4.94
mh01WL-037	80257449;80257454;80257540;80257547	rs60833534;rs1546766;rs12128701;rs1972155	4.92
mh01WL-038	115989975;115990049;115990063;115990085;115990092;115990136;115990142;115990146	rs476283;rs112864886;rs12734689;rs4839444;rs79661270;rs563998;rs563992;rs563980	4.92
mh01WL-013	7562290;7562339;7562430;7562436;7562488	rs6668329;rs1725260;rs116890383;rs1725261;rs1725262	4.89
mh01WL-096	232090252;232090284;232090315	rs7548491;rs1411019;rs12084523	4.88
mh01WL-097	3098644;3098660;3098661;3098715;3098841	rs74766941;rs2817133;rs2651932;rs2817134;rs78777664	4.86
mh01WL-098	12267265;12267292;12267464	rs1061624;rs3397;rs5746065	4.79
mh01WL-040	53564946;53564948;53565054;53565083;53565087;53565128	rs540544179;rs61770785;rs58924052;rs60690390;rs1769287;rs1629126	4.77
mh01WL-099	147149313;147149471;147149504	rs4950335;rs11240103;rs10900388	4.72
mh01WL-053	228465346;228465370;228465403	rs493945;rs867599;rs13376694	4.72
mh01WL-100	245716857;245716867;245716870;245716969;245717009	rs115096171;rs9970970;rs9970675;rs947107;rs947106	4.68
mh01WL-041	187724052;187724066;187724115;187724133;187724194	rs6425124;rs76364717;rs10912164;rs76740939;rs75025140	4.65
mh01WL-042	37021034;37021076;37021214	rs80080263;rs6425992;rs12042056	4.62
mh01WL-101	208810098;208810167;208810234;208810267	rs1166864;rs10863721;rs1166865;rs10863722	4.58
mh01WL-102	163815371;163815477;163815551;163815557	rs781946;rs6690595;rs6666750;rs6690694	4.53
mh01WL-103	230272865;230272885;230272925;230273019	rs11807860;rs11807861;rs11122383;rs79502055	4.50
mh01WL-043	18722692;18722713;18722737;18722801;18722846	rs11810587;rs1336130;rs1336131;rs1533623;rs1533622	4.49
mh01WL-057	210372065;210372079;210372088;210372114;210372127;210372145	rs72649965;rs11119437;rs4844967;rs2494175;rs4844968;rs4844969	4.48
mh01WL-104	33858701;33858796;33858817;33858873	rs4294379;rs12043842;rs3927467;rs10798945	4.47
mh01WL-105	56874891;56874942;56875020;56875043	rs75861641;rs75335011;rs77804375;rs17428956	4.32
mh01WL-044	91620038;91620137;91620150;91620207;91620228	rs4142791;rs17131325;rs347029;rs78831116;rs613217	4.31
mh01WL-106	13819532;13819683;13819703;13819711	rs75426602;rs60306193;rs371639;rs74056250	4.28
mh01WL-045	59062903;59062904;59062925;59062952;59062991;59062995;59063041	rs12742998;rs17372453;rs4912351;rs60008712;rs79018108;rs4912352;rs7555371	4.26
mh01WL-107	20142307;20142308;20142413;20142434;20142447;20142470;20142497	rs3820332;rs3820331;rs3820330;rs3820329;rs3820328;rs3820327;rs76902763	4.24
mh01WL-019	68634593;68634641;68634642;68634779	rs79441491;rs1367446;rs12132335;rs1367445	4.22
mh01WL-047	218265578;218265683;218265713;218265718	rs11807872;rs6670238;rs12026376;rs11586331	4.17
mh01WL-020	180225664;180225672;180225837	rs99174;rs72712989;rs357064	4.16
mh01WL-108	55045983;55046039;55046095;55046130	rs300272;rs300271;rs300270;rs11811633	4.15
mh01WL-109	216674316;216674427;216674473;216674481	rs6689872;rs12408609;rs74143423;rs6682338	4.15
mh01WL-110	17707739;17707757;17707758;17707798	rs1204898;rs6664321;rs6703392;rs10788668	4.14
mh01WL-111	15056010;15056027;15056096;15056175	rs76734175;rs56983246;rs6658908;rs2050126	4.12
mh01KK-117	204633340;204633397;204633500;204633526	rs17413714;rs2772234;rs1610401;rs1610400	4.11
mh01WL-112	224874300;224874316;224874426;224874480	rs4653402;rs12118368;rs10915693;rs17514370	4.09
mh01WL-113	157891565;157891597;157891609;157891676;157891709;157891725	rs7514610;rs4971166;rs12022838;rs7547982;rs7524979;rs55854564	4.08
mh01WL-114	100975657;100975658;100975680;100975775	rs28364909;rs10875301;rs28364911;rs6656798	4.08
mh01WL-115	177936481;177936525;177936536;177936599	rs4652284;rs12137761;rs6667659;rs6667752	4.06
mh01WL-116	38736874;38737005;38737021;38737036	rs6698091;rs4970581;rs2637862;rs59632024	4.05
mh01WL-117	84295861;84296017;84296056;84296060	rs2179763;rs144083133;rs910180;rs910181	4.05
mh01WL-118	220988185;220988242;220988260;220988346	rs2807841;rs4143773;rs7549963;rs4143772	4.02
mh01WL-119	160031308;160031330;160031488	rs4656872;rs4656873;rs72704732	4.00
mh02WL-001	1865565;1865569;1865611;1865665;1865691;1865692	rs62114743;rs36145700;rs62114746;rs5004856;rs5004013;rs5004014	13.00
mh02WL-025	11995081;11995099;11995170;11995188;11995246	rs77552907;rs200724088;rs72493343;rs77707527;rs2577269	12.15
mh02WL-080	644353;644356;644379;644382;644385;644473;644509;644512	rs73146962;rs79882802;rs75386614;rs76799714;rs77712351;rs77224443;rs75922078;rs60996394	11.81
mh02WL-081	3773067;3773068;3773112;3773156;3773226;3773259	rs28419068;rs77978666;rs12328223;rs112113802;rs79372720;rs71449686	10.69
mh02WL-002	205362160;205362217;205362332;205362349	rs10175601;rs10210256;rs72926275;rs10210537	8.42
mh02WL-003	236618226;236618246;236618388;236618396;236618425	rs10190094;rs3820781;rs10181993;rs3820780;rs3820779	8.35
mh02WL-028	221688957;221689038;221689091;221689092	rs62185756;rs4674556;rs4477907;rs72968648	7.40
mh02WL-082	241562705;241562710;241562720;241562746;241562831;241562879	rs80118086;rs117817152;rs11889778;rs35668278;rs62187257;rs62186533	7.11
mh02WL-083	16251825;16251967;16251998;16252019	rs62118717;rs60772479;rs7370296;rs62118719	7.11
mh02WL-029	69138958;69138992;69139026;69139137	rs77788766;rs6726044;rs10191936;rs12999343	6.72
mh02WL-030	242929580;242929622;242929624;242929754	rs61060565;rs79928199;rs56389742;rs73003452	6.44
mh02WL-084	239835142;239835149;239835211;239835244	rs6722833;rs6722837;rs4078406;rs4078407	6.25
mh02WL-031	42004851;42004878;42004914;42004997;42005037	rs6724031;rs719595;rs719596;rs719593;rs4443039	5.68
mh02WL-032	23069392;23069479;23069547	rs6729249;rs6716353;rs62124787	5.43
mh02WL-005	30982726;30982795;30982883;30982884	rs561995;rs536137;rs13399585;rs560956	5.36
mh02WL-007	52489867;52489873;52489879;52489881	rs199687289;rs57459054;rs370847897;rs558104368	5.11
mh02WL-035	121114263;121114378;121114434	rs7576183;rs6542588;rs6542589	5.00
mh02WL-085	216864476;216864557;216864594;216864674	rs2372681;rs3755154;rs3755155;rs3770556	4.94
mh02WL-086	234933979;234933989;234933990;234934045;234934060	rs13429663;rs13388837;rs13388839;rs668355;rs664373	4.94
mh02WL-036	144583376;144583403;144583475;144583483;144583544	rs16823166;rs2204902;rs2204901;rs13403886;rs2204900	4.87
mh02WL-087	51394757;51394811;51394817;51394860;51394910	rs880383;rs880382;rs880381;rs17518447;rs4971571	4.86
mh02WL-054	67956730;67956813;67956823	rs6758705;rs12622928;rs6758822	4.85
mh02WL-009	80103795;80103850;80103934;80103953;80103956	rs78638539;rs1434112;rs4852535;rs12997328;rs1434111	4.83
mh02WL-088	38897754;38897781;38897810;38897823;38897916	rs6736259;rs6707421;rs6751481;rs6736380;rs6707543	4.81
mh02WL-038	215215751;215215851;215215856;215215914	rs10804225;rs35747291;rs6737326;rs6737229	4.79
mh02WL-089	8099403;8099505;8099581	rs40997;rs42676;rs999520	4.78
mh02WL-011	127443592;127443627;127443771	rs4662686;rs1866658;rs7599354	4.77
mh02WL-090	45381206;45381259;45381317;45381325	rs74484507;rs950919;rs72799940;rs2342704	4.76
mh02WL-040	36966684;36966722;36966728;36966828;36966829	rs17019662;rs12712517;rs56029564;rs17019664;rs140212558	4.71
mh02WL-041	106234058;106234078;106234103;106234105;106234169;106234249	rs11680676;rs11673784;rs11680713;rs79942136;rs12617710;rs11684587	4.71
mh02WL-012	231044053;231044120;231044200;231044212	rs59080561;rs117199125;rs10209153;rs967006	4.70
mh02WL-091	34237971;34238100;34238108	rs1510877;rs1464005;rs1464004	4.66
mh02WL-092	53944242;53944342;53944363;53944366;53944427	rs56228834;rs2009149;rs2009144;rs2009143;rs2009142	4.52
mh02WL-014	169046572;169046585;169046627;169046632	rs13420405;rs114348754;rs16855079;rs60587303	4.51
mh02WL-093	77073563;77073661;77073735;77073738	rs76203792;rs11887438;rs11887479;rs11903113	4.51
mh02WL-094	48938662;48938691;48938693;48938721;48938793;48938838	rs6729809;rs4340578;rs13428575;rs4297936;rs6744967;rs4339007	4.51
mh02WL-095	10676449;10676498;10676610	rs80038244;rs35365706;rs145501350	4.49
mh02WL-096	14081905;14082017;14082018;14082051	rs91166;rs401974;rs747196;rs445246	4.49
mh02WL-097	232334398;232334414;232334491;232334502	rs77756533;rs6735961;rs77055265;rs6720969	4.48
mh02WL-044	174468337;174468388;174468419;174468446;174468522	rs67348767;rs56976146;rs4972594;rs117532062;rs4972408	4.37
mh02WL-098	176552107;176552137;176552192;176552211;176552298	rs11891974;rs72918864;rs6734627;rs59801176;rs17270679	4.34
mh02WL-015	135217096;135217138;135217279;135217283	rs13421987;rs625263;rs35381820;rs34432035	4.31
mh02WL-099	71202508;71202549;71202633	rs17721027;rs17664519;rs12616710	4.31
mh02WL-100	137112562;137112571;137112573;137112618;137112664	rs1515069;rs79353792;rs13392477;rs1515068;rs1515067	4.30
mh02WL-017	181467132;181467189;181467249;181467278	rs11890048;rs11691504;rs75919336;rs11900625	4.28
mh02WL-101	141013454;141013525;141013546;141013549;141013579	rs12692041;rs79680825;rs76701929;rs16843689;rs13001299	4.26
mh02WL-102	18282657;18282761;18282815	rs6713642;rs76874761;rs6716939	4.23
mh02WL-103	133515838;133515846;133515862;133515953	rs11687264;rs73957656;rs1430626;rs1430625	4.22
mh02WL-047	153974612;153974661;153974709;153974742	rs17813202;rs3064101;rs62179606;rs12620434	4.20
mh02WL-020	160668543;160668661;160668688	rs1549578;rs1549579;rs1549580	4.19
mh02WL-078	138603232;138603291;138603324;138603337;138603357	rs34140837;rs960065;rs1378757;rs4954545;rs960064	4.18
mh02WL-104	47882706;47882767;47882807;47882833;47882837;47882846;47882854;47882871	rs35102838;rs13383462;rs2705772;rs7599965;rs13383559;rs116866303;rs13397024;rs117561602	4.18
mh02WL-049	195977886;195977983;195977984;195977998;195978081	rs2667152;rs2667151;rs2667150;rs16836372;rs10931679	4.18
mh02WL-105	55093784;55093842;55093859	rs17417731;rs1961245;rs4671981	4.13
mh02WL-106	233784618;233784667;233784718;233784749	rs73995724;rs778357;rs778356;rs778355	4.13
mh02WL-107	20086287;20086302;20086343;20086391;20086462	rs73214229;rs12464127;rs55924660;rs13419597;rs13432782	4.12
mh02WL-079	151897331;151897344;151897389;151897408;151897448	rs13005105;rs10497078;rs79196610;rs79127331;rs6728040	4.12
mh02WL-108	102629530;102629563;102629640	rs2160140;rs3218879;rs2110562	4.12
mh02WL-109	43147991;43148066;43148128;43148132;43148171	rs34881408;rs12476681;rs73923012;rs11124902;rs73923013	4.06
mh02WL-110	6389710;6389792;6389894;6389897	rs7606747;rs13003180;rs181331146;rs17377415	4.05
mh02WL-111	166702365;166702427;166702439;166702446;166702466	rs11684006;rs16851154;rs77983864;rs10930184;rs10754968	4.04
mh02WL-112	224369368;224369384;224369405;224369465	rs17814915;rs6737709;rs13391589;rs16864863	4.02
mh03WL-001	11955948;11955958;11955959;11955972;11955986;11956001;11956110;11956137;11956141	rs62247768;rs2618383;rs2618382;rs55955151;rs9878282;rs58820061;rs151094541;rs141077663;rs149853309	15.86
mh03WL-020	197117516;197117598;197117600;197117628	rs62283757;rs35706922;rs75592144;rs73072678	9.95
mh03WL-065	195437311;195437452;195437467;195437510	rs9879219;rs9837741;rs62282110;rs62282112	8.10
mh03WL-021	126859459;126859539;126859599;126859626	rs13065761;rs9872883;rs9853091;rs12492852	5.76
mh03WL-022	44140567;44140572;44140584;44140652	rs9820376;rs74282562;rs2109409;rs56283092	5.61
mh03WL-003	174852680;174852695;174852730;174852815;174852857;174852861	rs72622556;rs72622557;rs2035102;rs1461268;rs35225898;rs140975620	5.61
mh03WL-066	122127789;122127822;122127926	rs10511409;rs13320117;rs17266628	5.35
mh03WL-067	16101982;16102108;16102138;16102162	rs17041841;rs17041843;rs62233383;rs6442577	5.28
mh03WL-005	116287716;116287781;116287818;116287845;116287846;116287855;116287881	rs58889588;rs2700191;rs72954002;rs12496595;rs202153269;rs60961668;rs2700192	5.03
mh03WL-068	14345136;14345195;14345234;14345235;14345247;14345277	rs1384112;rs1384111;rs13099962;rs1384110;rs1384109;rs78087164	5.03
mh03WL-006	2639779;2639829;2639847;2639861;2639963	rs2616593;rs2728063;rs2616592;rs2616591;rs12496271	4.93
mh03WL-069	193758597;193758618;193758633;193758639;193758720;193758794	rs6765924;rs6777223;rs6765936;rs6766015;rs13099382;rs13099583	4.92
mh03WL-070	42377999;42378073;42378080;42378103;42378179	rs74934197;rs6781092;rs79541859;rs17073603;rs1019188	4.82
mh03WL-071	131647608;131647628;131647749;131647784;131647794	rs1225039;rs1225038;rs1237855;rs1225037;rs1225036	4.65
mh03WL-009	21771686;21771710;21771769;21771817	rs13099784;rs4440141;rs17009383;rs6790203	4.63
mh03WL-072	6420936;6420979;6421034;6421064	rs9881101;rs1435717;rs1435718;rs72622200	4.49
mh03WL-010	32408455;32408493;32408496	rs4955146;rs73827204;rs3867379	4.48
mh03WL-073	124859865;124859879;124860013;124860034	rs537749;rs537800;rs702051;rs1712458	4.46
mh03WL-011	76874479;76874530;76874554;76874555;76874558;76874664	rs62261809;rs73123362;rs3911516;rs2597230;rs2775154;rs1185220	4.46
mh03WL-074	118940202;118940314;118940383;118940400	rs116618156;rs2866469;rs6766503;rs3936077	4.36
mh03WL-029	154934868;154934888;154934897;154935013;154935048	rs16824723;rs75018547;rs9869815;rs9850393;rs55654578	4.35
mh03WL-076	72035758;72035783;72035837;72035934	rs17009239;rs11926201;rs13058906;rs7619697	4.35
mh03WL-077	81427963;81428048;81428061	rs2372813;rs6778246;rs6802544	4.34
mh03WL-012	82447612;82447707;82447782	rs17786685;rs9875778;rs7620857	4.31
mh03WL-013	63499358;63499360;63499408;63499438	rs4472048;rs4435636;rs62252780;rs4496473	4.29
mh03WL-014	184173933;184173951;184174065	rs9854121;rs4498072;rs9834672	4.29
mh03WL-078	3892562;3892591;3892605;3892716;3892727	rs11716549;rs55813749;rs4685691;rs1994274;rs4685692	4.29
mh03WL-015	105544940;105544994;105545098	rs12637532;rs13084271;rs6782206	4.25
mh03WL-079	68328840;68328854;68328899;68329026	rs11708835;rs17047430;rs62248314;rs78568713	4.25
mh03WL-080	130612466;130612532;130612552;130612622	rs2760252;rs864873;rs3755761;rs864071	4.24
mh03WL-016	189840490;189840594;189840623;189840629;189840680	rs58069725;rs710597;rs4687123;rs710598;rs710599	4.23
mh03WL-081	8803657;8803700;8803795;8803811	rs237890;rs12631502;rs34992398;rs237891	4.22
mh03WL-082	176681457;176681458;176681467;176681564	rs1872171;rs1872172;rs35134330;rs7640180	4.21
mh03WL-035	147423421;147423509;147423596	rs2319305;rs2319306;rs4401335	4.21
mh03WL-083	24974849;24974882;24974918;24974982;24974996;24974999;24975015	rs13074839;rs9878781;rs77825800;rs76267441;rs78336199;rs115124081;rs73051231	4.19
mh03WL-017	139835691;139835692;139835865	rs9876525;rs2350497;rs2882429	4.19
mh03WL-084	136781670;136781680;136781719;136781789;136781790	rs6808049;rs6808051;rs55667633;rs12496949;rs59812882	4.19
mh03WL-085	117439546;117439642;117439643;117439718	rs28482251;rs6805520;rs6781396;rs4367097	4.18
mh03WL-046	18602534;18602582;18602585	rs717793;rs1398919;rs717792	4.17
mh03WL-086	22998724;22998753;22998818;22998824	rs80271610;rs711711;rs1828675;rs80087733	4.16
mh03WL-087	103120064;103120099;103120138;103120243	rs9868394;rs11919084;rs192551235;rs62273167	4.13
mh03WL-088	173619154;173619162;173619164;173619166;173619257;173619349	rs4894635;rs111582820;rs62292080;rs200871244;rs2172212;rs12497584	4.11
mh03WL-089	79838516;79838610;79838611;79838654;79838660	rs6798522;rs6762730;rs9846743;rs13081318;rs73128574	4.08
mh03WL-090	142691899;142691941;142691972;142692021	rs76261063;rs73866285;rs11711259;rs9818127	4.07
mh03WL-091	191853649;191853763;191853822;191853836	rs6800226;rs62295776;rs9809647;rs6775772	4.06
mh03WL-018	54836156;54836174;54836275;54836291	rs1182918;rs17766647;rs1168693;rs17054404	4.05
mh03WL-092	170179582;170179621;170179772	rs4955729;rs4955730;rs12633223	4.04
mh03WL-093	29376106;29376148;29376155;29376183;29376271	rs9864192;rs61458296;rs4346513;rs60640803;rs9882071	4.04
mh03WL-038	26903893;26903976;26903981	rs11711747;rs62247567;rs13071886	4.03
mh03WL-039	162083061;162083085;162083086;162083246	rs9863256;rs75165935;rs16848265;rs76344017	4.03
mh04WL-001	187353362;187353388;187353390;187353437;187353444;187353459;187353485;187353486;187353487;187353491;187353497;187353510;187353518;187353520	rs67831206;rs66481440;rs66985092;rs66664377;rs112539522;rs73873608;rs373057818;rs371592964;rs113533981;rs375866622;rs79417939;rs77800306;rs74631651;rs74338499	14.45
mh04WL-018	2400720;2400809;2400810;2400856;2400857;2400873;2400895	rs59207727;rs538299062;rs71614994;rs61193539;rs60138138;rs115296149;rs3128786	11.22
mh04WL-003	8743756;8743909;8743919;8743922	rs138371083;rs372405456;rs36127459;rs36197486	8.30
mh04WL-075	3574490;3574568;3574570;3574612	rs73792218;rs77343249;rs80289768;rs73197201	7.77
mh04WL-076	190508751;190508869;190508875;190508898	rs13113496;rs62340964;rs62340965;rs7692777	7.34
mh04WL-004	38110442;38110477;38110493;38110620	rs12509214;rs12506500;rs17579792;rs754886	6.28
mh04WL-005	113968893;113968987;113968995;113968996;113969058;113969059	rs313936;rs3822280;rs3822281;rs3822282;rs7657219;rs313935	5.97
mh04WL-022	146872951;146872982;146873053	rs12649715;rs12649111;rs10025721	5.59
mh04WL-023	154925590;154925641;154925683;154925723	rs58857469;rs55944510;rs13114257;rs34333259	5.49
mh04WL-006	14837717;14837741;14837753;14837774;14837802;14837841;14837843;14837895	rs10939596;rs76696912;rs10939597;rs79276692;rs62409414;rs62409415;rs62409416;rs73130638	5.49
mh04WL-007	82643924;82643945;82644011	rs4279197;rs13132046;rs13132246	5.30
mh04WL-077	189332810;189332911;189332959;189332960	rs4863042;rs11936260;rs74902604;rs4863324	5.15
mh04WL-026	161227392;161227411;161227543	rs34917904;rs295224;rs295223	5.08
mh04WL-027 	71379156;71379224;71379254;71379276;71379328	rs28457169;rs28670363;rs56245659;rs34045823;rs28448292	5.01
mh04WL-078	10118733;10118738;10118745;10118914	rs79835095;rs12498474;rs3822259;rs3806817	4.93
mh04WL-079	6736064;6736236;6736239	rs4626203;rs12646189;rs12643138	4.91
mh04WL-028	131101357;131101366;131101429;131101468	rs17050878;rs72680309;rs12499286;rs10016086	4.90
mh04WL-009	175022693;175022841;175022877	rs6834670;rs6834909;rs13104723	4.90
mh04WL-030	24438499;24438525;24438583;24438635;24438686	rs5015586;rs7656741;rs79783707;rs61149859;rs6817993	4.88
mh04WL-031	32592571;32592599;32592630;32592638;32592691;32592762	rs73816283;rs17081616;rs73125564;rs73125566;rs11936953;rs10024233	4.77
mh04WL-044	178297365;178297393;178297431;178297446	rs11131792;rs1395480;rs74495224;rs12499308	4.76
mh04WL-032	122906549;122906555;122906610;122906668;122906677	rs9307502;rs575875125;rs34574691;rs13130711;rs9992493	4.67
mh04WL-067	125639688;125639817;125639863;125639879	rs10023980;rs17008504;rs13126992;rs12649287	4.65
mh04WL-080	17147611;17147636;17147638;17147719;17147731	rs595928;rs9999301;rs555081;rs16894466;rs596777	4.64
mh04WL-081	119889986;119890101;119890116;119890139;119890157	rs77570809;rs61324225;rs1490509;rs17050209;rs1994628	4.64
mh04WL-082	66400615;66400631;66400688;66400705;66400772	rs62300365;rs4860677;rs4860678;rs28654365;rs6852029	4.61
mh04WL-083	183355283;183355384;183355385;183355479	rs4862067;rs78428986;rs35885461;rs72699998	4.57
mh04WL-084	36490688;36490815;36490832;36490855	rs35132433;rs6829274;rs66827186;rs73235192	4.56
mh04WL-085	13788189;13788219;13788316	rs17753737;rs7441080;rs1019271	4.54
mh04WL-086	185330596;185330598;185330651;185330669	rs17075800;rs17686080;rs6816525;rs17624154	4.51
mh04WL-087	785105;785137;785142;785228;785296	rs3775144;rs3775145;rs11930710;rs3775146;rs3775147	4.40
mh04WL-033	180072773;180072821;180072862;180072925;180072951	rs1025847;rs74652347;rs1025848;rs1016185;rs1016184	4.37
mh04WL-012	57792050;57792067;57792078;57792128	rs76392020;rs28544519;rs1277306;rs1277305	4.35
mh04WL-088	165055742;165055753;165055791;165055853;165055930	rs1023701;rs140814474;rs1023700;rs77580661;rs6812319	4.33
mh04WL-035	63831341;63831425;63831458;63831485	rs12503567;rs1553619;rs12507527;rs1553620	4.28
mh04WL-089	39822709;39822769;39822841;39822849	rs3733297;rs305837;rs305836;rs305835	4.26
mh04WL-090	182282929;182282951;182282988;182283087	rs17071183;rs140394235;rs7665796;rs4283709	4.26
mh04WL-091	30996278;30996285;30996429;30996472	rs4607173;rs6832127;rs28662878;rs61792934	4.23
mh04WL-092	111290296;111290301;111290333;111290352;111290431	rs243964;rs58935457;rs12508135;rs145693923;rs11098076	4.19
mh04WL-036	166705859;166705962;166705990	rs76899508;rs11935733;rs7694605	4.19
mh04WL-093	4776617;4776635;4776640;4776774	rs6831656;rs77972317;rs58623310;rs6817123	4.18
mh04WL-037	88803212;88803252;88803280;88803327;88803363	rs1381962;rs113201195;rs1381963;rs112585960;rs1381964	4.18
mh04WL-094	91706877;91706915;91706951;91707003;91707044	rs570292337;rs4518209;rs4597790;rs74382445;rs79034740	4.17
mh04WL-095	22246601;22246675;22246755;22246775;22246782	rs28504533;rs56391818;rs11944669;rs55966537;rs11935656	4.09
mh04WL-096	25562375;25562386;25562450;25562456;25562479	rs35822013;rs6830401;rs35780192;rs35561864;rs6448372	4.09
mh04WL-097	162423513;162423558;162423597;162423631	rs17041121;rs13137650;rs17041122;rs72683738	4.07
mh04WL-098	78335246;78335253;78335404;78335406;78335413;78335438	rs1550601;rs74657817;rs1031080;rs1031081;rs2866291;rs62302386	4.03
mh04WL-099	169736819;169736956;169736970;169736989;169737010	rs6824819;rs78202884;rs75614681;rs12641770;rs115279714	4.00
mh05WL-015	2491322;2491362;2491381;2491418;2491462	rs201095190;rs201799896;rs13176896;rs13162636;rs10074463	12.05
mh05WL-057	628660;628664;628732;628734;628803	rs78848886;rs77008063;rs66892994;rs2458812;rs58871659	6.59
mh05WL-001	33594778;33594871;33594916;33594942	rs13185934;rs76865591;rs12188767;rs12188768	5.57
mh05WL-002	179720255;179720285;179720333;179720380;179720429	rs7702282;rs12516726;rs75469971;rs1363513;rs1363514	5.57
mh05WL-058	178194492;178194562;178194563;178194575;178194586;178194665;178194669;178194681	rs55634474;rs6869435;rs11745541;rs11739211;rs6883492;rs7724462;rs7710248;rs7706135	5.55
mh05WL-003	108634236;108634292;108634324	rs72660784;rs2900038;rs6898683	5.52
mh05WL-019	67309764;67309775;67309926;67309933	rs35138278;rs282290;rs282291;rs1437125	5.37
mh05WL-004	78272942;78272982;78272989;78272990;78272991;78272993	rs2052550;rs638073;rs74772620;rs638060;rs541503526;rs490329	5.20
mh05WL-059	82826556;82826633;82826702;82826722	rs7732237;rs13184707;rs2541310;rs310511	5.08
mh05WL-021	159022275;159022311;159022384;159022464	rs2421059;rs377474907;rs7702436;rs11948938	5.07
mh05WL-006	17197004;17197034;17197062;17197123;17197173;17197178	rs2624433;rs72738606;rs17709031;rs2929716;rs2929717;rs6554985	4.87
mh05WL-060	161299757;161299902;161299920;161299922;161299930	rs78595151;rs78679936;rs10065822;rs72819308;rs11745341	4.72
mh05WL-008	9190598;9190697;9190702	rs1806132;rs1806094;rs1806093	4.66
mh05WL-061	175957238;175957240;175957241;175957275;175957276;175957277;175957288;175957310;175957336;175957406	rs62402556;rs565707358;rs61430626;rs190936095;rs570728083;rs182730397;rs192050683;rs192187723;rs12519175;rs184629935	4.65
mh05WL-024	174609111;174609151;174609256;174609264	rs60570779;rs4146192;rs4146195;rs4146194	4.65
mh05WL-062	3539923;3539930;3539978;3540047;3540085;3540098;3540114	rs828550;rs828549;rs828548;rs73040825;rs17636165;rs4866451;rs828547	4.57
mh05WL-025	23622862;23622864;23622924;23622957	rs7717933;rs7700860;rs7719212;rs10520895	4.56
mh05WL-063	5260863;5260894;5260903;5260981;5261011	rs4463155;rs4305618;rs4323203;rs4323204;rs2913655	4.53
mh05WL-064	154448646;154448739;154448825;154448827	rs12522219;rs351294;rs12153653;rs13162193	4.51
mh05WL-009	168612248;168612287;168612288;168612421;168612441	rs79646008;rs4867735;rs297881;rs297882;rs6896685	4.49
mh05WL-028	92465033;92465114;92465130	rs4502796;rs4355506;rs4493655	4.48
mh05WL-010	132916341;132916359;132916381;132916408	rs256255;rs10491291;rs256256;rs256257	4.40
mh05WL-065	150439429;150439431;150439504;150439539	rs10041304;rs201593507;rs3805432;rs3805431	4.38
mh05WL-066	73309105;73309127;73309172;73309201;73309304	rs11952583;rs255599;rs13184092;rs255600;rs187637	4.38
mh05WL-067	31095243;31095294;31095300;31095369;31095413	rs77105615;rs114733234;rs7724601;rs7724768;rs12186729	4.37
mh05WL-068	131439627;131439629;131439631;131439635;131439636	rs708455;rs11242104;rs78507568;rs11242105;rs200035629	4.35
mh05WL-069	106039170;106039272;106039296;106039310;106039352;106039357	rs10214014;rs10214395;rs17158990;rs6895448;rs6873358;rs61645185	4.35
mh05WL-070	113007120;113007126;113007132;113007302;113007312	rs2914155;rs10477502;rs150360226;rs12515653;rs75047936	4.32
mh05WL-056	129652310;129652384;129652395;129652474	rs917295;rs73237209;rs917296;rs73788485	4.29
mh05WL-030	56292990;56293009;56293054;56293077;56293149	rs57258507;rs17732378;rs61467430;rs58051462;rs76933101	4.25
mh05WL-071	7930596;7930701;7930781;7930794	rs62345684;rs2640660;rs79983532;rs17268140	4.20
mh05WL-031	146337694;146337725;146337743;146337873	rs7726431;rs143876253;rs13170982;rs17105785	4.20
mh05WL-072	57342308;57342449;57342480	rs1985870;rs75225433;rs1565340	4.17
mh05WL-013	62073698;62073771;62073783;62073792;62073794;62073834	rs7715472;rs2642778;rs2591790;rs2591791;rs2642779;rs2642780	4.16
mh05WL-033	141129129;141129204;141129208;141129248	rs3797057;rs32946;rs117055966;rs32945	4.13
mh05WL-073	172122829;172122833;172122939;172122980	rs7701150;rs78422403;rs7721347;rs7701713	4.11
mh05WL-074	165749755;165749891;165749904	rs6876914;rs35855229;rs76228434	4.03
mh05WL-075	136493820;136493839;136493923;136494011	rs1434664;rs1434665;rs11745960;rs55909424	4.03
mh05WL-076	29503392;29503454;29503553;29503586	rs1354575;rs182780;rs191312;rs78242558	4.02
mh06WL-069	32630944;32630945;32630946;32630949;32630967;32630968;32630991;32630995;32630996;32630999;32631000;32631029;32631038;32631039;32631042;32631043;32631044;32631058;32631070;32631075;32631079;32631080;32631086;32631104;32631109;32631113;32631119;32631122;32631129;32631130;32631133;32631142	rs281863504;rs281863503;rs281863502;rs281863499;rs281863486;rs281863485;rs35986240;rs281863467;rs281863466;rs281863464;rs281863463;rs281863439;rs281863431;rs281863430;rs281863427;rs281863426;rs281863425;rs281863414;rs281863406;rs281863401;rs281863398;rs281863397;rs58770498;rs281863382;rs281863378;rs281863375;rs281863371;rs17843723;rs281863364;rs281863363;rs281863362;rs281863357	15.69
mh06WL-018	168961083;168961168;168961183;168961185;168961192;168961205;168961251;168961252;168961257	rs34170156;rs12526829;rs10945514;rs200538603;rs57987480;rs55685832;rs10945516;rs13215061;rs372903846	14.09
mh06WL-019	786166;786213;786222;786223	rs12055421;rs12055469;rs9505149;rs9392876	10.87
mh06WL-066	31274441;31274449;31274513;31274555;31274580;31274582;31274586;31274619;31274630;31274634	rs9468942;rs35647108;rs6931873;rs10484554;rs184149624;rs9468944;rs561074738;rs9264944;rs118169956;rs9264946	7.50
mh06WL-004	110655384;110655443;110655536;110655552	rs9374163;rs9372250;rs9320324;rs9320325	6.88
mh06WL-005	14009133;14009167;14009196;14009199;14009231;14009291	rs7765990;rs56091651;rs76958343;rs78611110;rs10484348;rs16874548	6.52
mh06WL-022	78126551;78126553;78126555;78126557;78126568;78126570;78126749	rs199695733;rs62416386;rs1228801;rs55963754;rs1777767;rs28656158;rs16888908	6.13
mh06WL-006	157733983;157734098;157734157	rs62425596;rs139001987;rs200949508	5.85
mh06WL-007	88366602;88366708;88366771	rs1075665;rs2307373;rs2307379	5.72
mh06WL-008	119507908;119507912;119507973;119507997;119508054;119508063	rs3819724;rs3819725;rs3819726;rs3819727;rs3819728;rs1555054	5.17
mh06WL-009	163212299;163212339;163212343;163212465	rs10806767;rs534564738;rs59830421;rs9365492	5.16
mh06WL-067	170686762;170686850;170686859;170686865;170686873;170686880;170686884	rs80046082;rs74200689;rs118007249;rs146473817;rs35931761;rs34430936;rs149631868	5.01
mh06WL-027	38920343;38920395;38920397;38920398;38920411;38920449	rs6905159;rs74680508;rs16891327;rs117905422;rs6905820;rs35890417	4.99
mh06WL-068	29924713;29924728;29924779;29924822;29924833;29924889	rs73415987;rs892666;rs12665039;rs428905;rs9260671;rs2517702	4.93
mh06WL-069	108031328;108031345;108031471	rs9386660;rs539627870;rs2748441	4.84
mh06WL-070	33861670;33861679;33861693;33861711;33861754	rs3800333;rs2031377;rs3800335;rs2031378;rs3800337	4.81
mh06WL-071	106252759;106252760;106252773;106252924;106252945	rs2202765;rs2202764;rs62421586;rs57871246;rs1355024	4.74
mh06WL-039	40705920;40705938;40705941;40705951	rs4989281;rs4989283;rs4989284;rs4989285	4.66
mh06WL-072	3739835;3739846;3739871;3739898;3739943	rs12193236;rs11242869;rs11242870;rs12529245;rs9328188	4.65
mh06WL-073	73578415;73578433;73578452;73578453;73578526	rs4706515;rs2226134;rs4566854;rs188893140;rs1891398	4.63
mh06WL-028	103946670;103946743;103946745;103946747;103946852	rs9377504;rs551509145;rs35185856;rs9499510;rs9404401	4.56
mh06WL-029	143725481;143725635;143725670	rs223592;rs742380;rs760954	4.54
mh06WL-040	74869236;74869278;74869280;74869282;74869284	rs9352070;rs75000207;rs76640345;rs77382523;rs201485351	4.48
mh06WL-012	52557852;52557987;52558011;52558017	rs16882875;rs78971226;rs6458855;rs6902435	4.48
mh06WL-031	45765220;45765253;45765300;45765360;45765412	rs72500595;rs12526421;rs4714872;rs9395121;rs9395122	4.45
mh06WL-074	92288146;92288193;92288259;92288282	rs4324753;rs4707679;rs1931820;rs77840156	4.43
mh06WL-075	36702274;36702284;36702379;36702387;36702407	rs236453;rs236452;rs236451;rs77394127;rs236450	4.41
mh06WL-041	156152873;156152890;156152920	rs9384370;rs4260759;rs4559098	4.39
mh06WL-032	7258523;7258558;7258617;7258701	rs11759008;rs9502569;rs9502570;rs62393595	4.36
mh06WL-076	44035366;44035374;44035380;44035413	rs9381285;rs13210320;rs59147884;rs833811	4.35
mh06WL-014	150303765;150303834;150303868;150303911	rs60373379;rs185621365;rs67871424;rs6557232	4.33
mh06WL-077	167707637;167707727;167707759	rs2072763;rs2076006;rs2076007	4.31
mh06WL-078	154762874;154762880;154762885;154762887;154762980	rs201488977;rs1572659;rs72995444;rs9479856;rs9479857	4.30
mh06WL-079	161274433;161274512;161274513;161274560	rs112898058;rs115067610;rs74200112;rs6908103	4.27
mh06WL-034	23759459;23759469;23759550;23759653	rs9393460;rs1321897;rs35983066;rs36086996	4.23
mh06WL-035	95025268;95025303;95025391;95025392;95025401;95025462	rs7753594;rs34933078;rs1235830;rs566351000;rs1235831;rs398381	4.20
mh06WL-080	113665900;113665905;113665999;113666000	rs3862815;rs2801426;rs181415696;rs3851197	4.10
mh06WL-081	147980847;147980869;147980879;147980909;147980941;147980959;147980976	rs1523962;rs1523963;rs60227405;rs1147852;rs10457816;rs12175300;rs1523964	4.06
mh06WL-048	25391293;25391294;25391326;25391382	rs72830743;rs78473402;rs1556043;rs72830745	4.01
mh06WL-082	12227378;12227516;12227545	rs72828183;rs6458136;rs6926835	4.00
mh07WL-017	158315053;158315065;158315100;158315130;158315165;158315168	rs77104529;rs74892747;rs62478274;rs10233113;rs10278868;rs4480057	19.83
mh07WL-061	155142973;155143018;155143045;155143081	rs62480704;rs28523407;rs112613047;rs71542561	12.19
mh07WL-018	1311586;1311666;1311672;1311673;1311690;1311695;1311715;1311735	rs62436678;rs13235386;rs13226523;rs13231923;rs74520363;rs148001762;rs12671162;rs13226626	10.50
mh07WL-003	100614877;100614878;100614943;100614944;100614960;100614961;100614972	rs73168338;rs11976878;rs73714297;rs73714298;rs73714299;rs73714300;rs553056418	9.57
mh07WL-062	156471837;156471840;156471867;156471964	rs2240644;rs2240643;rs2240642;rs1990256	7.33
mh07WL-020	68458879;68458888;68459003;68459077	rs34598155;rs11771826;rs11978141;rs7801695	7.00
mh07WL-004	13274561;13274596;13274600;13274616;13274710;13274731	rs4329178;rs62447871;rs62447872;rs4329179;rs11767642;rs11978283	6.60
mh07WL-063	159820;159826;159954;159960;159999;160000;160018	rs13308192;rs13312608;rs13309348;rs13307970;rs56273986;rs56058811;rs55980330	6.55
mh07WL-022	115513397;115513419;115513497	rs12667263;rs6976748;rs6976503	5.48
mh07WL-023	41508880;41508929;41508951	rs273144;rs273145;rs71538623	5.42
mh07WL-005	151529469;151529596;151529605;151529610;151529648;151529654;151529660	rs77954465;rs7788721;rs10238094;rs7788502;rs10238109;rs113582339;rs7807533	5.08
mh07WL-064	147520530;147520604;147520634;147520635;147520674	rs1613285;rs10488353;rs62482316;rs62482317;rs1723430	4.98
mh07WL-006	8003017;8003054;8003185;8003201	rs929511;rs7794417;rs1812055;rs37961	4.97
mh07WL-007	130581076;130581129;130581184	rs205756;rs157926;rs75885220	4.80
mh07WL-008	21764205;21764207;21764290;21764355;21764358;21764393	rs2214932;rs2214933;rs2965420;rs73065689;rs80078851;rs59265203	4.80
mh07WL-009	28391047;28391082;28391091;28391141;28391142;28391182	rs11772815;rs6958133;rs11772770;rs59233121;rs11765845;rs16874525	4.73
mh07WL-065	118353079;118353093;118353183;118353250	rs4730889;rs4730890;rs7780967;rs57481991	4.71
mh07WL-066	36693574;36693731;36693736;36693751;36693768	rs11763088;rs62445879;rs375272076;rs4427069;rs13438734	4.70
mh07WL-067	23934422;23934467;23934485;23934486;23934501;23934505	rs77731230;rs17148487;rs58908895;rs56088290;rs56262002;rs56107601	4.66
mh07WL-068	2629865;2629931;2629996;2630052	rs2241795;rs4721846;rs4719590;rs4721847	4.59
mh07WL-069	37872650;37872724;37872762;37872769	rs17171172;rs78934551;rs2598076;rs2598075	4.58
mh07WL-070	26598308;26598346;26598364;26598428	rs76656229;rs10252484;rs56158033;rs73067731	4.56
mh07WL-071	16297381;16297395;16297396;16297549;16297567	rs11769530;rs1295155;rs62440450;rs1295154;rs9918542	4.54
mh07WL-072	32134041;32134056;32134138	rs60575424;rs10246484;rs11761910	4.48
mh07WL-011	138403212;138403240;138403275;138403380	rs67644657;rs113300562;rs35735948;rs112152970	4.45
mh07WL-073	152917112;152917193;152917218;152917227;152917241;152917274	rs5014913;rs28630799;rs34195632;rs28670168;rs34651732;rs7384332	4.44
mh07WL-074	103373014;103373033;103373051;103373068;103373071;103373086;103373126;103373192	rs2299377;rs2299378;rs2299379;rs77293602;rs1811159;rs2299380;rs34041659;rs78829533	4.44
mh07WL-075	25194291;25194313;25194331;25194413;25194431	rs10263162;rs2523075;rs2523074;rs2717900;rs73287713	4.36
mh07WL-012	78066757;78066797;78066878	rs59169432;rs6961988;rs10266582	4.35
mh07WL-013	107564366;107564539;107564542	rs7561;rs3213673;rs3213674	4.31
mh07WL-014	88428839;88428840;88428848;88429006;88429017	rs4727184;rs4727185;rs4728776;rs72615108;rs35995065	4.28
mh07WL-076	105951551;105951665;105951720	rs998153;rs10953507;rs2539847	4.28
mh07WL-077	11578234;11578300;11578338;11578359;11578386	rs6979125;rs17164736;rs74701753;rs62432834;rs51	4.23
mh07WL-078	109648269;109648308;109648440	rs2189360;rs61607582;rs2189361	4.23
mh07WL-015	95532242;95532319;95532370;95532384	rs1488512;rs319300;rs319299;rs12536738	4.21
mh07WL-079	9118366;9118374;9118434;9118477;9118512;9118557;9118558	rs12702855;rs12702856;rs12702857;rs16875251;rs9969376;rs12702858;rs11773387	4.20
mh07WL-080	80805828;80805934;80805968;80805984	rs327683;rs7778696;rs1397010;rs7798421	4.19
mh07WL-081	143049847;143049957;143049965;143049973	rs62472681;rs10256588;rs7806322;rs7802536	4.18
mh07WL-034	52568852;52568952;52569009;52569030	rs10256375;rs56825774;rs11238208;rs10488327	4.15
mh07WL-035	122601491;122601499;122601501;122601503;122601635;122601667	rs73226002;rs2107712;rs2107711;rs55745047;rs4727956;rs17145186	4.10
mh07WL-082	121261473;121261518;121261661	rs6950766;rs9641669;rs757714	4.09
mh07WL-083	17524639;17524685;17524738	rs16871596;rs637252;rs533793	4.09
mh07WL-084	83996191;83996194;83996234;83996312;83996352	rs62472626;rs1557791;rs1557790;rs60694347;rs1557789	4.08
mh07WL-085	14874339;14874381;14874439;14874441	rs75509935;rs2041409;rs13228522;rs2041410	4.06
mh07WL-086	135691400;135691410;135691555;135691580	rs10278297;rs73164993;rs187501550;rs10249387	4.05
mh07WL-087	67103825;67103880;67103925	rs56187931;rs75984196;rs76135457	4.04
mh07WL-088	5000088;5000200;5000214	rs12216591;rs58531717;rs10237787	4.01
mh07WL-089	20156722;20156818;20156919	rs117683830;rs62452972;rs4719603	4.01
mh07WL-016	47034291;47034331;47034387;47034472;47034483	rs7804755;rs7804773;rs12673166;rs10951886;rs12666798	4.00
mh08WL-014	142502348;142502430;142502498;142502512;142502539	rs2926783;rs4907347;rs62524005;rs67391017;rs66886873	15.30
mh08WL-015	1412421;1412485;1412515;1412533;1412545;1412557	rs79555624;rs72507645;rs77985912;rs73672723;rs78918423;rs66489805	11.21
mh08WL-049	3925804;3925805;3925845;3925874;3925905;3925912;3925953	rs73658564;rs2552109;rs74561091;rs2042526;rs2042527;rs2042528;rs7834943	7.61
mh08WL-050	139218528;139218645;139218653	rs62530917;rs76594054;rs7386932	6.94
mh08WL-016	19319185;19319282;19319290;19319334	rs113537282;rs113298174;rs13268061;rs13268102	6.87
mh08WL-051	15708485;15708531;15708577;15708594;15708635;15708652	rs67198151;rs7829510;rs75430538;rs2736072;rs7830671;rs78219975	5.85
mh08WL-052	5058220;5058271;5058287;5058392	rs10111706;rs4641091;rs75369293;rs10102277	5.65
mh08WL-053	337198;337211;337263;337365;337367	rs6993677;rs34257508;rs11778939;rs6558718;rs6558719	5.23
mh08WL-017	128071380;128071464;128071518;128071563	rs58120361;rs62529863;rs16901932;rs9650094	4.93
mh08WL-018	90571197;90571218;90571281;90571315;90571324	rs78660914;rs10504880;rs6986107;rs6999527;rs7830706	4.80
mh08WL-003	99100386;99100530;99100559	rs13276678;rs2514341;rs16896628	4.77
mh08WL-005	27440879;27440917;27440974;27441010	rs10216623;rs61006720;rs75929510;rs7828131	4.74
mh08WL-054	14697511;14697544;14697701;14697704;14697707	rs10089784;rs74303178;rs74693535;rs62493317;rs62493318	4.70
mh08WL-055	129076270;129076284;129076363;129076451	rs2648881;rs2608052;rs2648882;rs13254990	4.68
mh08WL-056	93593396;93593492;93593564;93593588	rs11993886;rs11994659;rs12548061;rs12545038	4.63
mh08WL-057	17566902;17567000;17567002;17567050	rs7830863;rs416546;rs57981882;rs17633964	4.60
mh08WL-008	59326497;59326600;59326625;59326629	rs186721342;rs7844732;rs59858156;rs62512907	4.55
mh08WL-023	34524410;34524479;34524513;34524530	rs7464104;rs4455823;rs16882722;rs4556085	4.53
mh08WL-058	125683042;125683083;125683183;125683200	rs6470258;rs7831518;rs6470259;rs11988065	4.52
mh08WL-024	6651830;6651895;6651903;6651969	rs35553521;rs12681051;rs11774245;rs11774252	4.52
mh08WL-059	144234868;144234933;144235001;144235008;144235012	rs72689951;rs75265690;rs7013750;rs7461107;rs11787339	4.51
mh08WL-031	96775419;96775422;96775430;96775507;96775508	rs4452772;rs1808978;rs4439094;rs3102538;rs28533470	4.49
mh08WL-060	63395485;63395501;63395559;63395632	rs4269536;rs4567032;rs4500073;rs16929010	4.45
mh08WL-032	8495316;8495318;8495320;8495322	rs7838747;rs2103057;rs62492880;rs201677927	4.43
mh08WL-009	69123169;69123228;69123349;69123356	rs16934309;rs10957422;rs12545635;rs56335415	4.38
mh08WL-026	133519848;133519913;133519920;133520033	rs16904693;rs2673581;rs2597374;rs16904694	4.36
mh08WL-061	24924326;24924417;24924451;24924501	rs17053065;rs75191236;rs13276154;rs41414247	4.35
mh08WL-033	61000576;61000585;61000629;61000638	rs1467300;rs1467299;rs2611356;rs1467298	4.28
mh08WL-062	2912529;2912619;2912655;2912658;2912679;2912698;2912706	rs12375400;rs13264238;rs76384583;rs2219569;rs13255697;rs2199279;rs13257024	4.23
mh08WL-063	134541542;134541558;134541623;134541738	rs2945779;rs16904937;rs16904938;rs80296693	4.22
mh08WL-064	55398033;55398058;55398168;55398225	rs9792222;rs16920371;rs16920372;rs9792225	4.19
mh08WL-027	78093837;78093871;78093882	rs7821178;rs57138870;rs79040243	4.06
mh08WL-065	82932865;82932881;82933012;82933060	rs75277048;rs10091992;rs7822071;rs147794063	4.05
mh08WL-011	121830210;121830250;121830295;121830358	rs56117030;rs10099729;rs13282943;rs75622753	4.04
mh08WL-012	113450037;113450038;113450191;113450226	rs959757;rs77718050;rs60644074;rs1993208	4.04
mh08WL-066	23406985;23407070;23407154;23407178	rs7842788;rs77298095;rs75932841;rs33963055	4.03
mh08WL-067	88789155;88789245;88789263;88789308;88789321	rs763340;rs76031457;rs2337209;rs763339;rs12547324	4.03
mh08WL-068	76416778;76416788;76416796;76416861	rs75188498;rs2977903;rs7011614;rs2612300	4.01
mh09WL-009	140675611;140675626;140675632;140675653;140675674;140675676;140675706	rs141703169;rs145556745;rs144181045;rs117050229;rs79369805;rs79165814;rs79286518	28.44
mh09WL-010	470086;470188;470189;470223;470234;470238;470270	rs913700;rs4992812;rs4992813;rs2360716;rs4986759;rs146649501;rs4639578	9.27
mh09WL-033	138151035;138151101;138151117;138151184;138151212	rs575629766;rs62572930;rs534074128;rs62572937;rs62572938	8.04
mh09WL-034	1793334;1793408;1793472;1793515	rs76418332;rs3912096;rs10963302;rs10511431	7.58
mh09WL-035	4596135;4596213;4596246;4596315	rs301445;rs10974636;rs10121074;rs34345944	6.73
mh09WL-003	28517001;28517010;28517137;28517170;28517171	rs10491886;rs28472295;rs10491885;rs10968632;rs10968633	6.22
mh09WL-004	103969740;103969775;103969852;103969888	rs10125791;rs2987741;rs7047561;rs1156731	5.94
mh09WL-013	110467351;110467423;110467498;110467542	rs6477589;rs6477590;rs6477591;rs7855060	5.67
mh09WL-014	130901103;130901137;130901199;130901274	rs370167184;rs373756759;rs184107371;rs56885556	5.45
mh09WL-015	8839934;8839938;8839943;8839965;8840026;8840103	rs10977317;rs2570295;rs2570296;rs2570297;rs12685598;rs2570298	5.26
mh09WL-005	116819993;116820024;116820081;116820082	rs10817560;rs10817561;rs7867434;rs66892783	5.25
mh09WL-006	18804343;18804355;18804374;18804418	rs1469745;rs12353154;rs13300818;rs4977444	5.22
mh09WL-036	139521983;139521997;139522005;139522101	rs78602986;rs914739;rs914738;rs914737	5.19
mh09WL-037	7057742;7057782;7057837;7057850;7057909;7057917	rs10976011;rs16925247;rs2381542;rs2381543;rs7031252;rs117824132	4.75
mh09WL-038	134602929;134602930;134602956;134603032	rs12686493;rs10793890;rs11243489;rs35785146	4.57
mh09WL-039	21407565;21407604;21407638;21407663;21407696	rs28383784;rs4978115;rs4978116;rs80242768;rs10811535	4.53
mh09WL-040	112983558;112983598;112983668;112983737	rs17733082;rs10739291;rs10980268;rs12554572	4.49
mh09WL-041	137029687;137029691;137029738;137029794;137029841	rs67051032;rs28676521;rs28477532;rs28628456;rs28650068	4.41
mh09WL-042	32069277;32069299;32069339;32069371;32069465	rs10970733;rs7041520;rs7041882;rs7041555;rs74876855	4.39
mh09WL-008	98358014;98358166;98358193	rs77186605;rs882130;rs882131	4.24
mh09WL-020	96672124;96672137;96672175;96672188;96672223	rs10119262;rs7045676;rs7045700;rs7029071;rs10821260	4.23
mh09WL-043	33117954;33117965;33118111	rs60988380;rs7865362;rs4879665	4.22
mh09WL-044	13365694;13365769;13365816	rs10156397;rs13284968;rs7038474	4.21
mh09WL-045	93837378;93837417;93837471;93837495;93837497	rs4436246;rs296614;rs296615;rs78617086;rs3853607	4.15
mh09WL-046	105992297;105992378;105992463;105992480	rs80082483;rs1448578;rs10820400;rs12552684	4.13
mh09WL-047	115626835;115626885;115626918;115627012	rs75597288;rs76620525;rs4979170;rs4978508	4.13
mh09WL-048	23713125;23713148;23713214;23713284	rs1360224;rs1360225;rs3829087;rs1360226	4.07
mh10WL-001	126235372;126235373;126235390;126235455;126235522;126235538	rs6597839;rs7908115;rs34997829;rs6597840;rs28519979;rs6597841	8.39
mh10WL-012	4301773;4301788;4301819;4301823;4301844;4301860;4301956	rs4880667;rs4880668;rs10904212;rs11252408;rs4142672;rs4142673;rs4142674	7.65
mh10WL-040	569296;569400;569440;569443	rs2487814;rs2445590;rs2445592;rs2487816	6.33
mh10WL-013	100081094;100081120;100081165;100081174	rs73329419;rs1252892;rs2182165;rs912807	5.74
mh10WL-024	127585647;127585685;127585688	rs79778101;rs61871916;rs12098706	5.65
mh10WL-003	14006211;14006282;14006391	rs75338350;rs756020;rs2457861	5.48
mh10WL-015	64847289;64847329;64847356;64847375	rs4746891;rs190467703;rs4746892;rs72824928	5.29
mh10WL-041	7671313;7671332;7671350;7671430;7671490	rs111599999;rs201623955;rs113826787;rs77753316;rs112805710	5.27
mh10WL-042	128607468;128607478;128607483;128607525	rs10794140;rs11245233;rs61875476;rs10794141	5.25
mh10WL-004	131974950;131975058;131975060;131975062;131975096	rs7895791;rs7923842;rs11598456;rs531735157;rs7906958	5.21
mh10WL-043	134925290;134925311;134925374;134925412	rs111405238;rs61862109;rs61862110;rs568030419	5.20
mh10WL-044	124304146;124304163;124304211;124304215;124304298	rs61652400;rs3013219;rs12780616;rs3019494;rs75406303	5.13
mh10WL-045	1600811;1600857;1600951;1600957;1600961	rs12769719;rs2676740;rs2813361;rs12769934;rs2813362	5.13
mh10WL-046	130347751;130347772;130347785;130347918	rs10741157;rs4750710;rs4750711;rs11016316	5.07
mh10WL-005	71560259;71560306;71560317;71560367;71560396	rs75151358;rs2642607;rs9645503;rs2642606;rs9645504	5.01
mh10WL-018	112970335;112970337;112970339;112970421	rs11195476;rs61863057;rs72821545;rs7907214	4.90
mh10WL-047	3162479;3162486;3162525;3162560;3162669	rs77985140;rs3814589;rs3814590;rs3814591;rs9423466	4.89
mh10WL-007	83822542;83822543;83822545;83822613;83822676	rs10884113;rs12413101;rs10786850;rs17655804;rs12415889	4.80
mh10WL-048	6225000;6225119;6225187	rs602440;rs55768419;rs7911111	4.72
mh10WL-049	68079310;68079348;68079505	rs7072330;rs6480159;rs17511	4.72
mh10WL-050	122972358;122972398;122972427;122972439;122972541	rs11593067;rs12221275;rs1907221;rs11593080;rs4752514	4.65
mh10WL-038	108077201;108077239;108077296;108077389	rs79511998;rs10884302;rs821708;rs10884303	4.64
mh10WL-051	60556751;60556758;60556854;60556859	rs2893790;rs117780772;rs2393505;rs2393504	4.59
mh10WL-009	28500389;28500391;28500412	rs111901732;rs7901739;rs10826424	4.58
mh10WL-052	30084739;30084746;30084889;30084908	rs11007749;rs2986956;rs7086635;rs3006538	4.51
mh10WL-053	133116390;133116409;133116478;133116505	rs1316930;rs3996851;rs1316931;rs1008844	4.51
mh10WL-021	119522856;119522943;119522964;119523035	rs1886606;rs7077625;rs878747;rs12770865	4.47
mh10WL-054	79530213;79530226;79530227;79530263;79530408	rs2579174;rs58388411;rs2812443;rs78464275;rs2579173	4.39
mh10WL-055	80953393;80953436;80953451;80953495	rs703969;rs703968;rs703967;rs72816291	4.34
mh10WL-056	15271008;15271069;15271162;15271191;15271193	rs61844216;rs28378157;rs9423933;rs28455587;rs79215829	4.28
mh10WL-057	18317191;18317230;18317281;18317320;18317345	rs4747337;rs142695535;rs11012244;rs2488122;rs2488123	4.20
mh10WL-022	48480228;48480248;48480371	rs10788705;rs2376611;rs10788706	4.19
mh10WL-058	114721404;114721463;114721568	rs7895657;rs61875103;rs720785	4.15
mh10WL-059	72689948;72689964;72690055;72690109;72690114	rs117924722;rs72800605;rs827307;rs827306;rs80141822	4.09
mh10WL-060	12597795;12597796;12597881;12597907	rs10906167;rs10906168;rs12569857;rs2815626	4.06
mh10WL-028	118027194;118027236;118027243;118027273	rs10218849;rs1419876;rs75571831;rs11197615	4.05
mh10WL-061	10605050;10605056;10605162;10605166;10605202	rs2147291;rs72787663;rs78568075;rs2181849;rs4749969	4.00
mh11WL-001	134151436;134151500;134151501;134151611;134151615;134151616	rs28472542;rs2599525;rs115980227;rs543072;rs569980376;rs531132398	10.09
mh11WL-015	35270160;35270244;35270316;35270359	rs61882796;rs61882797;rs61882798;rs80163851	6.98
mh11WL-002	12284925;12284950;12285010;12285090	rs2279616;rs2279617;rs2279618;rs8808	6.59
mh11WL-003	122615608;122615610;122615616;122615732;122615749;122615752;122615753	rs7342258;rs59867206;rs7342259;rs12795507;rs35526900;rs34280864;rs34413537	6.52
mh11WL-004	2922493;2922541;2922602;2922636	rs4930027;rs10734256;rs418439;rs77284315	6.28
mh11WL-005	69950996;69951088;69951183;69951185	rs2515254;rs10898363;rs78411471;rs7947409	6.00
mh11WL-021	196573;196575;196592;196593;196606	rs28706163;rs28634367;rs72878023;rs61876176;rs28416859	5.52
mh11WL-042	125182960;125183014;125183113;125183117;125183118	rs10790733;rs7121604;rs35733739;rs1426151;rs1426152	5.14
mh11WL-038	5719835;5719848;5719960;5720020	rs2291844;rs7950912;rs7950181;rs7950219	4.89
mh11WL-020	107117691;107117740;107117838;107117873	rs2216998;rs6588955;rs73550477;rs2194844	4.87
mh11WL-043	131751404;131751406;131751588	rs486869;rs12575348;rs79932731	4.85
mh11WL-044	65744247;65744265;65744275;65744303;65744421	rs622779;rs2276016;rs543952;rs2276015;rs542332	4.68
mh11WL-007	43236054;43236061;43236178;43236240;43236247	rs76168657;rs12365397;rs76503871;rs76476328;rs78484501	4.67
mh11WL-008	99827959;99828023;99828103;99828120	rs12574821;rs11222039;rs11601883;rs10894188	4.65
mh11WL-045	68839910;68839923;68839949;68840014;68840071	rs3750960;rs3750961;rs896969;rs3750963;rs3750964	4.60
mh11WL-009	78810793;78810938;78810940;78810947	rs870332;rs2512075;rs2510133;rs2510134	4.57
mh11WL-010	128788234;128788316;128788317;128788354;128788397	rs2604201;rs2846695;rs56398738;rs2604200;rs4937392	4.55
mh11WL-011	86107920;86107938;86107966;86108112	rs17818702;rs17817929;rs11826496;rs10431169	4.54
mh11WL-046	102795606;102795639;102795644;102795715;102795786	rs1892971;rs17297226;rs1892972;rs11225481;rs12146550	4.50
mh11WL-012	20408926;20408958;20409006;20409008;20409055	rs11025542;rs11025543;rs76066547;rs11025544;rs2270679	4.39
mh11WL-047	80533284;80533352;80533359;80533423;80533435;80533479	rs11232350;rs4945437;rs75205833;rs4945438;rs4945439;rs4945440	4.37
mh11WL-048	10518902;10518977;10519077;10519088	rs10840428;rs11042854;rs11042855;rs10840429	4.36
mh11WL-049	7715027;7715079;7715174	rs11041536;rs7117567;rs11041537	4.32
mh11WL-050	117965530;117965595;117965602;117965646	rs2276122;rs2276123;rs2276124;rs2276125	4.31
mh11WL-051	71118822;71118825;71118878;71118926;71119003;71119018	rs60893888;rs4944043;rs118163160;rs1790363;rs7114296;rs12806918	4.27
mh11WL-052	98718852;98718860;98718880;98718915;98719016	rs12575914;rs12577946;rs72984557;rs1352232;rs1352233	4.27
mh11WL-013	114040325;114040394;114040510	rs661374;rs77669868;rs660800	4.25
mh11WL-053	22602362;22602387;22602443;22602522	rs10833785;rs11026669;rs10500937;rs12224073	4.18
mh11WL-054	96047035;96047045;96047131;96047154	rs570141;rs523599;rs89838;rs552734	4.18
mh11WL-055	75965955;75966000;75966096;75966144	rs79891391;rs4945055;rs12418168;rs678108	4.12
mh11WL-056	116507056;116507083;116507107;116507206	rs77983701;rs34344567;rs947987;rs61567742	4.11
mh11WL-028	119501013;119501021;119501085	rs76080778;rs11217364;rs11217365	4.08
mh11WL-057	130395591;130395635;130395764	rs61913937;rs55699536;rs7116902	4.06
mh11WL-058	89928508;89928517;89928597;89928611;89928637	rs3740816;rs3740817;rs11606060;rs3740818;rs3740819	4.01
mh11WL-059	104013384;104013410;104013460;104013530	rs17102089;rs74863023;rs12274835;rs7127551	4.01
mh12WL-011	348296;348350;348384;348389;348419;348467	rs10744558;rs11611619;rs76008323;rs520825;rs10774019;rs61906961	15.32
mh12WL-001	124858362;124858373;124858415;124858457	rs2950604;rs2950605;rs2939984;rs2660377	12.78
mh12WL-013	114502133;114502197;114502242;114502276	rs860046;rs61930761;rs71467953;rs376057847	10.68
mh12WL-002	68508827;68508842;68508863;68508990;68509022	rs117519938;rs10784676;rs10878751;rs10784677;rs10878752	8.32
mh12WL-003	133304146;133304173;133304174;133304182;133304183	rs10437912;rs10437914;rs10437915;rs555826589;rs77178508	7.15
mh12WL-016	13573497;13573499;13573521;13573547;13573566;13573571;13573634;13573636	rs10845765;rs11610218;rs10845766;rs10744028;rs57936120;rs17759808;rs10845767;rs11055414	6.82
mh12WL-046	128869870;128869933;128869999;128870003	rs2678811;rs10847605;rs61938448;rs11059673	6.81
mh12WL-004	102270833;102270844;102270920;102270985;102271008	rs11111068;rs10860807;rs75704291;rs79656532;rs61935789	5.35
mh12WL-047	130876861;130876921;130876987	rs12832586;rs12827077;rs61934505	5.29
mh12WL-048	104977195;104977204;104977289;104977294;104977375	rs7314698;rs7298441;rs1650144;rs1704884;rs7314958	5.15
mh12WL-018	95260073;95260092;95260137;95260257;95260265	rs79546991;rs4761512;rs892491;rs61935444;rs1434237	5.09
mh12WL-049	126467920;126467943;126467949;126467970;126468005;126468018;126468084	rs7315230;rs73418362;rs79553670;rs11058415;rs7300527;rs7314461;rs11058417	5.05
mh12WL-005	79314798;79314823;79314843;79314997	rs1551845;rs2126622;rs7966197;rs1037997	4.86
mh12WL-006	19669451;19669455;19669500;19669633;19669644	rs79968241;rs7971277;rs74064131;rs17346872;rs61912796	4.84
mh12WL-050	127510711;127510758;127510795;127510873	rs7972822;rs12821685;rs10847258;rs10847259	4.75
mh12WL-051	3562734;3562902;3562911	rs11062651;rs10848864;rs11062652	4.74
mh12WL-009	119560990;119561005;119561045;119561170	rs79730559;rs4269977;rs10849630;rs3884577	4.64
mh12WL-052	76279135;76279216;76279227;76279241;76279317	rs12580081;rs10785212;rs10879999;rs66873548;rs10880000	4.58
mh12WL-022	58847733;58847800;58847834;58847893	rs3913079;rs74424563;rs3901660;rs3843623	4.57
mh12WL-053	7959591;7959592;7959616;7959724	ss1388052709;ss1388052710;ss1388052713;ss1388052719	4.57
mh12WL-031	6883670;6883690;6883700	rs2365094;rs869222;rs2365095	4.56
mh12WL-024	108263753;108263767;108263768;108263856;108263857	rs1895954;rs1895953;rs1895952;rs7486969;rs12426206	4.45
mh12WL-025	84475821;84475895;84475920;84475992	rs7968107;rs10862814;rs11116193;rs7978233	4.38
mh12WL-054	131960870;131960951;131960968;131960975;131960976;131961002;131961003	rs201254320;rs11061552;rs10848395;rs146961036;rs10848396;rs568256359;rs534033647	4.34
mh12WL-010	46578010;46578044;46578072;46578155	rs3742057;rs11183384;rs3742058;rs3742059	4.31
mh12WL-055	5082045;5082163;5082179;5082235	rs12229983;rs56035782;rs59562338;rs12820536	4.27
mh12WL-056	75173311;75173410;75173414;75173422	rs7960435;rs373897966;rs12313120;rs12313121	4.26
mh12WL-057	21555501;21555582;21555672;21555691	rs12308255;rs7953750;rs77369115;rs7967339	4.07
mh12WL-058	82575893;82575897;82575933;82576040	rs4547179;rs4612892;rs17709807;rs10778875	4.04
mh12WL-027	24849061;24849091;24849257	rs4963782;rs7296225;rs12818924	4.03
mh12WL-059	117565445;117565499;117565555;117565621	rs7315095;rs7314176;rs17583523;rs113456183	4.00
mh13WL-008	111134015;111134029;111134115;111134119;111134167	rs61970299;rs200289331;rs111903228;rs61970303;rs112843286	9.89
mh13WL-001	94904689;94904700;94904806;94904809;94904819;94904866;94904869	rs139769118;rs8002895;rs4142200;rs4142201;rs9589941;rs7982573;rs9524387	9.86
mh13WL-032	113734150;113734151;113734193;113734284	rs80159364;rs76774419;rs61966402;rs61966403	6.78
mh13WL-010	33553508;33553517;33553549;33553561;33553580;33553627;33553628;33553649	rs426049;rs408642;rs378609;rs474054;rs9315199;rs2149859;rs570992;rs571057	5.93
mh13WL-003	49987815;49987868;49987959	rs67626349;rs9568197;rs9316447	5.60
mh13WL-033	91532240;91532242;91532244;91532246;91532248;91532257;91532392	rs368674043;rs272097;rs61970796;rs61970797;rs61970798;rs201952882;rs141015617	5.34
mh13WL-012	25212359;25212408;25212494;25212502	rs61948769;rs57119344;rs56283581;rs12584253	5.28
mh13WL-034	114963982;114964080;114964098;114964109;114964130;114964154;114964156;114964158	rs117699910;rs9562143;rs9562144;rs200574549;rs72488210;rs141827426;rs145504882;rs138016158	5.14
mh13WL-013	39779861;39779881;39779915;39779945;39780027	rs7330452;rs9603516;rs7335737;rs7330627;rs7330119	5.14
mh13WL-035	112197932;112197936;112198024;112198068	rs9515444;rs9522268;rs7318193;rs28700879	5.14
mh13WL-036	32009852;32009940;32009959;32010021	rs58641582;rs4561324;rs12866816;rs1410815	5.11
mh13WL-037	47060618;47060781;47060785	rs2761946;rs9567683;rs9534407	4.74
mh13WL-014	69223051;69223061;69223105;69223168	rs76132259;rs17083866;rs74600662;rs73206123	4.65
mh13WL-038	44542583;44542588;44542617;44542652;44542742	rs12431168;rs12873941;rs12431177;rs12431157;rs12431170	4.58
mh13WL-039	109985332;109985355;109985413;109985482	rs7985765;rs189503484;rs7985815;rs7987313	4.54
mh13WL-005	103342031;103342039;103342053;103342077;103342112	rs896000;rs896001;rs896002;rs896003;rs595825	4.44
mh13WL-040	36451881;36451930;36451936;36452069	rs1539549;rs4146589;rs1539548;rs1750921	4.40
mh13WL-041	41063408;41063437;41063486;41063596	rs9603763;rs58876262;rs2145807;rs4941981	4.35
mh13WL-042	28426156;28426187;28426234;28426250;28426279	rs9551406;rs73167689;rs9579117;rs2000304;rs9554176	4.32
mh13WL-016	77314319;77314338;77314397;77314488	rs17066618;rs61964775;rs4884055;rs12586048	4.10
mh13WL-043	79011658;79011713;79011792;79011833	rs9593321;rs2329083;rs9574243;rs17069858	4.07
mh13WL-044	70872267;70872311;70872389;70872392;70872455	rs58627453;rs80271395;rs10161640;rs17086694;rs9317917	4.05
mh13WL-017	83524988;83524994;83525124;83525172	rs2029291;rs9575204;rs9575205;rs2785805	4.02
mh13WL-045	101547742;101547756;101547874;101547882	rs9518199;rs76843985;rs9554737;rs9557538	4.01
mh14WL-010	104564410;104564438;104564462;104564464	rs3952968;rs5000042;rs61997618;rs4018039	8.23
mh14WL-001	58450742;58450748;58450839;58450902;58450921	rs71414180;rs12879112;rs2747091;rs2747092;rs79184081	7.06
mh14WL-012	24244518;24244549;24244559;24244699;24244706	rs976224;rs976223;rs12435740;rs976222;rs976221	5.60
mh14WL-035	55106331;55106368;55106488;55106491	rs3742561;rs3742562;rs200464237;rs35975936	5.38
mh14WL-036	26077546;26077577;26077651	rs1107772;rs1107773;rs1951055	5.00
mh14WL-013	99365964;99365999;99366011;99366114	rs17615874;rs10873497;rs10139755;rs10139867	4.89
mh14WL-003	77687047;77687050;77687106;77687206;77687210;77687212;77687224;77687226;77687230	rs114434164;rs2542824;rs61991630;rs77447506;rs117549925;rs116946248;rs111943938;rs112492642;rs141755835	4.85
mh14WL-004	72561199;72561249;72561295;72561308	rs56220001;rs10131981;rs17107120;rs2332753	4.80
mh14WL-016	86121364;86121383;86121434;86121470;86121491;86121492;86121519	rs10144863;rs1118119;rs17726763;rs1118118;rs17121444;rs76265814;rs2372985	4.61
mh14WL-037	106483423;106483442;106483446;106483462;106483470;106483583;106483584	rs67186203;rs12887515;rs67746209;rs61376519;rs140421992;rs565274204;rs58534292	4.58
mh14WL-017	41701214;41701252;41701301;41701318;41701399;41701406	rs1779532;rs1779531;rs1782185;rs1779530;rs1779529;rs76287570	4.57
mh14WL-034	68038697;68038729;68038779	rs2236234;rs2236233;rs2236232	4.45
mh14WL-005	92933944;92934019;92934033;92934072;92934120	rs6575256;rs7154848;rs72631613;rs7155002;rs12590273	4.44
mh14WL-038	61944422;61944507;61944528;61944567;61944617	rs77899560;rs17098452;rs11848616;rs17098453;rs10131425	4.40
mh14WL-039	95129029;95129047;95129093;95129190	rs7152412;rs7150987;rs72696839;rs7151768	4.38
mh14WL-040	83233273;83233274;83233464	rs10130038;rs74067166;rs75939607	4.30
mh14WL-041	39451598;39451672;39451695;39451770	rs11622795;rs12887605;rs2144528;rs10134654	4.23
mh14WL-008	34080882;34080897;34080908;34081039	rs76684693;rs74042350;rs7140539;rs12147074	4.18
mh14WL-042	89877782;89877808;89877814;89877900;89877978	rs11626237;rs79706998;rs11621592;rs1017142;rs61984700	4.16
mh14WL-009	52381178;52381224;52381244	rs8019382;rs1253686;rs1253687	4.13
mh14WL-043	101533664;101533692;101533756	rs58698425;rs72635181;rs6575813	4.06
mh14WL-044	80876061;80876108;80876111	rs7154481;rs117624895;rs7153013	4.05
mh14WL-045	56801417;56801445;56801505;56801506;56801507;56801508	rs10483655;rs1188689;rs35567067;rs34479165;rs12884108;rs201242326	4.05
mh14WL-046	36417289;36417390;36417392	rs74044182;rs61990887;rs10138351	4.01
mh15WL-001	71922035;71922064;71922125;71922208	rs1875417;rs1875416;rs28491654;rs1875415	8.16
mh15WL-002	90207081;90207202;90207222	rs113261108;rs62021491;rs62021493	6.29
mh15WL-003	97387672;97387708;97387756;97387757	rs8034493;rs8035569;rs8035595;rs8034380	5.49
mh15WL-030	69097595;69097596;69097606;69097765;69097792	rs28474727;rs28599719;rs2958405;rs1470901;rs1470902	5.41
mh15WL-013	60515123;60515177;60515179;60515183	rs8025148;rs8025460;rs59910040;rs8025467	4.97
mh15WL-031	99129962;99130017;99130113	rs1991210;rs4488419;rs6598531	4.96
mh15WL-032	101987253;101987283;101987391;101987425	rs113358309;rs11639171;rs11247293;rs7181043	4.94
mh15WL-033	67493586;67493627;67493726	rs15974;rs201879840;rs12476	4.89
mh15WL-004	27929091;27929124;27929147;27929190;27929228	rs904372;rs3101651;rs745331;rs3104513;rs732916	4.74
mh15WL-034	58645873;58645914;58646011;58646049;58646051;58646053	rs62001709;rs192329;rs187776;rs192330;rs367926372;rs11071373	4.69
mh15WL-035	89180778;89180885;89180915;89180975	rs11073795;rs10152821;rs10152159;rs72763862	4.57
mh15WL-036	100746533;100746703;100746710	rs899942;rs899943;rs62036186	4.54
mh15WL-015	39015293;39015294;39015316;39015348;39015479	rs12900428;rs10162687;rs75777581;rs12904683;rs12903854	4.54
mh15WL-037	31820841;31820909;31820993	rs2338679;rs17228394;rs6493740	4.54
mh15WL-038	93709808;93709815;93709937;93709979	rs12902097;rs17649698;rs16947535;rs34432372	4.51
mh15WL-006	66394559;66394573;66394636;66394721	rs36128083;rs111318821;rs56346141;rs36178748	4.36
mh15WL-039	34989053;34989077;34989081;34989172	rs11857049;rs62006096;rs62006097;rs78516697	4.27
mh15WL-040	73628086;73628168;73628214	rs2623998;rs12905211;rs8030574	4.26
mh15WL-041	75052909;75052911;75052914;75052935;75052987;75052994	rs118109237;rs11072504;rs12439187;rs11072505;rs147826032;rs11072506	4.26
mh15WL-017	79867925;79868073;79868076;79868122	rs1538131;rs1538132;rs8030928;rs74355053	4.24
mh15WL-018	53812456;53812457;53812523;53812561;53812652	rs148169064;rs4776155;rs575505;rs17630697;rs17729556	4.21
mh15WL-019	48088204;48088218;48088244;48088290;48088363	rs12050534;rs12050539;rs12050538;rs77824716;rs80164756	4.04
mh15WL-042	82302537;82302621;82302627	rs34593711;rs11637633;rs28703792	4.03
mh15WL-043	42437522;42437550;42437711	rs664177;rs622083;rs621560	4.02
mh16WL-010	89973795;89973796;89973811;89973812;89973816;89973821;89973858	rs548751922;rs111916961;rs28376048;rs570426774;rs190789120;rs568341410;rs189895563	11.65
mh16WL-011	896542;896564;896630;896679	rs73495269;rs668283;rs56213223;rs56044009	8.59
mh16WL-012	56576445;56576538;56576555;56576560;56576568;56576608;56576639;56576641	rs62035995;rs12444798;rs417053;rs7191104;rs12447596;rs6499839;rs9935553;rs9934924	6.14
mh16WL-013	77134962;77134978;77135006;77135052;77135109;77135152	rs9940853;rs9940862;rs284983;rs12597818;rs9930435;rs12149390	5.68
mh16WL-003	12708842;12708859;12708938;12708961;12708974;12708983;12708988;12708991;12708992;12708993;12709015	rs7186185;rs117354000;rs76992156;rs1560109;rs11645674;rs148882194;rs9925735;rs62027339;rs62027340;rs62027341;rs143585690	5.50
mh16WL-033	11546304;11546310;11546375;11546485	rs9935970;rs59341698;rs6498195;rs7197290	5.31
mh16WL-034	86103827;86103828;86103837;86103843;86103859;86103887	rs8058742;rs8053516;rs112762380;rs8049798;rs77532357;rs4843898	5.26
mh16WL-004	84285678;84285777;84285828;84285833;84285849;84285862	rs140288033;rs390112;rs390379;rs426580;rs422842;rs7190826	5.11
mh16WL-005	7604976;7605006;7605093;7605104	rs1876339;rs1876340;rs77795603;rs4787045	5.10
mh16WL-035	3962432;3962541;3962620	rs73503978;rs73503981;rs12446940	4.97
mh16WL-036	1979831;1979855;1979943;1979995;1980027	rs758191;rs758192;rs117692722;rs758193;rs911395	4.94
mh16WL-037	87669882;87669951;87670028;87670030;87670042;87670081	rs825586;rs12596982;rs825585;rs112153499;rs825584;rs188631971	4.78
mh16WL-038	88793786;88793811;88793813;88793823;88793843;88793858;88793910	rs2242168;rs2340980;rs8057198;rs2879904;rs2242169;rs2242170;rs2242171	4.77
mh16WL-039	13922288;13922289;13922331;13922351;13922391;13922413	rs9936448;rs9936449;rs7193298;rs62034032;rs7187942;rs7188652	4.77
mh16WL-040	8926598;8926603;8926604;8926621	rs9931331;rs12925234;rs12917990;rs12921984	4.76
mh16WL-041	57664983;57665023;57665024;57665139;57665182	rs12448530;rs55995425;rs56064937;rs55851794;rs13337416	4.70
mh16WL-042	78833148;78833175;78833226;78833324;78833346	rs1118736;rs4888852;rs75530271;rs1118735;rs1118734	4.57
mh16WL-008	49762406;49762462;49762512	rs8063019;rs10852602;rs8045324	4.55
mh16WL-043	80056713;80056774;80056807;80056867	rs72815857;rs9924369;rs4407073;rs118137235	4.52
mh16WL-018	65167743;65167749;65167755;65167853;65167884;65167925	rs62044982;rs11646642;rs79327881;rs62044983;rs77768922;rs72792997	4.51
mh16WL-044	81602212;81602264;81602276;81602278;81602370	rs12930850;rs12929303;rs2287114;rs2287113;rs2287112	4.47
mh16WL-045	54211596;54211633;54211698;54211704	rs62032789;rs8043781;rs2689245;rs2037579	4.34
mh16WL-046	61028997;61029048;61029049;61029137	rs16962850;rs9921661;rs35585406;rs9921742	4.32
mh16WL-047	82644606;82644654;82644674;82644787;82644792	rs7200895;rs7200925;rs35666337;rs4783239;rs60399464	4.30
mh16WL-009	24320791;24320941;24320966	rs1859200;rs1859201;rs4787432	4.20
mh16WL-048	5714606;5714617;5714738;5714780	rs75844152;rs10852662;rs17138300;rs74743250	4.15
mh16WL-049	59883438;59883472;59883481;59883531	rs77086880;rs4416003;rs9924403;rs4416004	4.06
mh16WL-050	27853411;27853481;27853532;27853535;27853585	rs568290998;rs1645350;rs1644625;rs1645351;rs116946168	4.03
mh17WL-008	78717565;78717566;78717567;78717582;78717583;78717585;78717654;78717703;78717717;78717726;78717753	rs528918725;rs12941902;rs539712541;rs12939914;rs199689128;rs536808699;rs12449591;rs62069364;rs376630779;rs368947879;rs201131674	93.57
mh17WL-009	205416;205438;205453;205454;205465;205492;205493;205505;205508;205531;205532;205544;205547;205599	rs113724779;rs79699949;rs76232934;rs72806091;rs71354719;rs62055032;rs77392217;rs71355229;rs71355230;rs77768946;rs536547537;rs76348814;rs76975040;rs71354720	12.26
mh17WL-029	76264287;76264395;76264430;76264460	rs4789562;rs4789563;rs4789564;rs4789565	7.07
mh17WL-030	80928396;80928400;80928409;80928411;80928412;80928450;80928474;80928531;80928532;80928548	rs73372864;rs78072175;rs530908476;rs543090916;rs368881236;rs370646064;rs76470041;rs55689310;rs57123661;rs55973655	6.38
mh17WL-031	74919912;74919963;74920011;74920031;74920086	rs78445198;rs12936618;rs12449507;rs76941632;rs35118625	6.15
mh17WL-010	6285864;6285889;6285988;6286051	rs1399062;rs1399063;rs1399064;rs1399065	6.05
mh17WL-011	13626102;13626139;13626297	rs16948340;rs12453867;rs9915423	5.53
mh17WL-003	34461454;34461474;34461489;34461521;34461522;34461538	rs12452943;rs4796165;rs4541123;rs12953230;rs146855883;rs2889386	5.23
mh17WL-004	66789834;66789959;66789988;66790027	rs16967221;rs2120192;rs6501742;rs9891808	4.88
mh17WL-032	77368034;77368132;77368153;77368163;77368174;77368233	rs7215498;rs9913196;rs12949424;rs75778566;rs9675239;rs62063968	4.65
mh17WL-033	32972778;32972810;32972853;32972958	rs758406;rs758405;rs4636954;rs55807629	4.62
mh17WL-005	47586028;47586116;47586188;47586212	rs11466143;rs11466144;rs2537706;rs534561	4.43
mh17WL-034	2278555;2278557;2278609;2278644;2278685	rs73976521;rs61237893;rs2252909;rs2252910;rs2286882	4.33
mh17WL-027	39096502;39096618;39096632;39096666	rs9903925;rs1859251;rs11655872;rs11655561	4.31
mh17WL-019	7961115;7961129;7961138;7961204	rs7214969;rs7214975;rs8071924;rs7216269	4.23
mh17WL-035	31447138;31447149;31447270	rs11650744;rs4074505;rs4074507	4.10
mh17WL-036	10082141;10082159;10082169;10082249;10082250;10082256;10082301	rs11651332;rs4128644;rs4128645;rs7503418;rs139392180;rs4128646;rs1986507	4.09
mh17WL-015	52943855;52943882;52943939;52943940;52944043	rs16955267;rs2934899;rs4600520;rs4420592;rs2332307	4.08
mh17WL-016	71978931;71978969;71978986;71979121	rs7503060;rs2354762;rs2354763;rs73353471	4.02
mh17WL-037	63549925;63549979;63550026	rs11869513;rs11869530;rs28485212	4.02
mh17WL-038	3373013;3373024;3373109;3373120;3373145	rs79769856;rs12603990;rs12602217;rs12602629;rs80286101	4.00
mh18WL-009	10150916;10150923;10150948;10150955;10150956;10150980;10150987;10151003;10151012;10151115	rs9748678;rs75581229;rs9748689;rs8089880;rs8090950;rs1624098;rs9748691;rs9748430;rs80171766;rs8093795	26.53
mh18WL-010	76277663;76277680;76277745;76277752;76277793;76277821;76277822;76277827	rs28440772;rs9961050;rs112266936;rs71357394;rs72618568;rs58825348;rs78131522;rs28502342	9.91
mh18WL-001	46593646;46593709;46593766	rs357861;rs357859;rs357857	7.47
mh18WL-002	466283;466318;466351;466372;466379;466382	rs9946246;rs80058239;rs4797173;rs4797174;rs9952919;rs9946353	6.37
mh18WL-013	25301924;25301925;25301931;25302059	rs2617941;rs34824207;rs77976286;rs9961039	5.69
mh18WL-014	60120198;60120315;60120317;60120319	rs9954489;rs675425;rs28507849;rs35149057	5.35
mh18WL-022	28113217;28113253;28113255;28113257;28113259;28113261;28113263;28113375	rs2542740;rs11083408;rs62079468;rs62079469;rs543124195;rs199987216;rs573545318;rs59796823	5.19
mh18WL-023	55806442;55806459;55806518;55806556;55806616	rs7235498;rs502437;rs55893105;rs11872836;rs57574586	5.06
mh18WL-024	75116309;75116363;75116488;75116495	rs62105311;rs9960190;rs7231662;rs7231666	5.01
mh18WL-025	77454150;77454237;77454341	rs4799077;rs7243340;rs56089006	4.68
mh18WL-026	7382442;7382494;7382551	rs11081324;rs6506504;rs12454455	4.64
mh18WL-027	57446293;57446413;57446421;57446429;57446479	rs7237659;rs3114266;rs3114267;rs2301237;rs2301238	4.49
mh18WL-005	70541897;70541899;70541900;70541920;70542016	rs9966977;rs9967164;rs77423215;rs11151807;rs56012714	4.40
mh18WL-028	3246289;3246299;3246480;3246486	rs1662349;rs3819222;rs3819220;rs1055549	4.23
mh18WL-029	67021663;67021726;67021736;67021818	rs1532661;rs12966997;rs75927484;rs12605657	4.19
mh18WL-030	44904220;44904396;44904407;44904416	rs16952069;rs9958629;rs9958618;rs75759555	4.13
mh18WL-031	61147015;61147036;61147069;61147084	rs6567361;rs7228507;rs7228629;rs9956302	4.09
mh18WL-032	72063208;72063225;72063253;72063266	rs12965937;rs1465509;rs1559808;rs1465508	4.04
mh18WL-033	29542641;29542689;29542707;29542839	rs77970927;rs72929577;rs8097835;rs8098106	4.01
mh19WL-007	410759;410772;410809;410833;410860	rs55950080;rs74531756;rs4995735;rs55944260;rs4995736	9.72
mh19WL-008	51315132;51315175;51315251;51315266;51315324	rs75381552;rs111800640;rs2456587;rs2434450;rs369554358	6.95
mh19WL-009	33764678;33764692;33764718;33764723;33764726;33764862	rs10419866;rs12978036;rs10420798;rs11672621;rs11672623;rs10423902	6.91
mh19WL-001	7763878;7763917;7763930;7763977;7763983	rs12981234;rs10415518;rs8110107;rs8110128;rs72558013	5.72
mh19WL-023	54217619;54217642;54217644;54217658;54217668;54217711;54217724	rs10404319;rs62144099;rs10404533;rs10406146;rs10404915;rs180753138;rs111950864	5.58
mh19WL-024	1955524;1955525;1955535;1955547;1955703;1955721	rs11673037;rs56408401;rs11673038;rs11673042;rs4806822;rs4807176	5.35
mh19WL-011	16042258;16042351;16042353	rs12973181;rs11491237;rs11491238	5.02
mh19WL-025	3120342;3120343;3120496;3120511	rs372774;rs11670197;rs308043;rs73527841	4.89
mh19WL-012	57524527;57524551;57524562;57524572;57524628;57524632;57524646;57524647;57524656;57524677;57524721	rs146339596;rs35575124;rs35524414;rs78154033;rs112664544;rs140179163;rs150962545;rs79522004;rs34430530;rs35767856;rs34573604	4.64
mh19WL-026	9120442;9120443;9120455;9120525	rs11666310;rs12978308;rs10425032;rs12972218	4.56
mh19WL-018	46811766;46811815;46811857	rs759298;rs731293;rs73059757	4.56
mh19WL-027	56307655;56307723;56307810;56307847	rs7258027;rs10422937;rs11665811;rs7246061	4.44
mh19WL-028	47882407;47882410;47882413;47882416;47882592	rs4802350;rs2016431;rs2016430;rs2016429;rs745201	4.05
mh20WL-001	62720205;62720207;62720210;62720215;62720235;62720255	rs77312089;rs78514502;rs78828793;rs77461050;rs62218112;rs62218113	11.34
mh20WL-021	60495129;60495155;60495224;60495285	rs79594189;rs79055805;rs6061895;rs1740372	7.62
mh20WL-007	348165;348166;348188;348319;348334	rs6084218;rs6076450;rs6037439;rs56215087;rs16988276	6.30
mh20WL-022	1917290;1917405;1917460	rs3828016;rs2235745;rs2235746	5.59
mh20WL-008	11973092;11973187;11973227;11973246;11973270;11973291	rs75546754;rs6134428;rs56411315;rs17262364;rs6041019;rs6131288	5.55
mh20WL-023	16645162;16645278;16645332;16645345	rs6034564;rs6034565;rs6034566;rs6034567	5.17
mh20WL-009	52483397;52483399;52483408;52483499	rs73622277;rs73622278;rs73622279;rs11086443	5.00
mh20WL-003	41423456;41423486;41423498;41423605;41423651	rs68049;rs3091958;rs62205412;rs13036500;rs13036516	4.69
mh20WL-014	45706951;45706959;45706968	rs1206820;rs73123774;rs61310341	4.63
mh20WL-011	47106212;47106293;47106404	rs4810802;rs6090857;rs6012444	4.41
mh20WL-024	58664824;58664872;58664958;58665011	rs631301;rs150479000;rs73133224;rs4812147	4.38
mh20WL-025	48851192;48851323;48851333;48851365	rs4811011;rs60585364;rs6122892;rs143740801	4.19
mh20WL-026	38492803;38492814;38492899;38492903	rs6101739;rs17802541;rs2208094;rs2208093	4.14
mh20WL-027	10614295;10614339;10614435	rs2179687;rs2423507;rs2143619	4.09
mh20WL-012	5414408;5414439;5414538;5414546	rs6133208;rs6139731;rs4815815;rs6516034	4.08
mh21WL-004	28712646;28712666;28712740;28712788;28712814	rs9974655;rs2830855;rs459204;rs9974765;rs2830856	12.14
mh21WL-015	32114380;32114427;32114513;32114517	rs62220607;rs150204128;rs62636169;rs62636170	6.72
21:20110:5	47318569;47318580;47318635;47318668;47318700	rs113720549;rs62213762;rs145608126;rs141226874;rs112441607	5.52
21:13143:4	38074090;38074205;38074240;38074253	rs2269189;rs74408694;rs2269190;rs2269191	5.32
mh21KK-320	43062859;43062929;43063018;43063044	rs2838081;rs2838082;rs78902658;rs2838083	5.20
mh21WL-017	45639238;45639245;45639281;45639368	rs78198036;rs2329712;rs77426713;rs8134498	4.75
mh21WL-018	40390789;40390825;40390861;40390925	rs55910511;rs2836838;rs4816610;rs2836839	4.63
mh21WL-007	21010443;21010449;21010512	rs4818474;rs2825693;rs2825694	4.62
mh21WL-019	30135236;30135275;30135355;30135362;30135405	rs2832064;rs2205414;rs2205415;rs2832065;rs2205416	4.61
mh21WL-020	35407607;35407699;35407705	rs7277189;rs7277233;rs11911902	4.19
mh22WL-005	49800943;49801020;49801026;49801031;49801053;49801075	rs470069;rs13057659;rs151257601;rs62235263;rs13055262;rs13056773	8.15
mh22WL-006	26792453;26792576;26792596;26792643	rs67052643;rs8135154;rs4822717;rs5752319	7.21
mh22WL-015	51082403;51082407;51082446	rs62241514;rs62241515;rs12168745	5.12
mh22WL-007	44723083;44723115;44723119;44723271	rs62228571;rs73890928;rs73890929;rs34420568	4.88
mh22WL-016	48651997;48652075;48652184	rs1004689;rs59649586;rs2075958	4.61
mh22WL-010	22902168;22902240;22902252;22902254	rs2073916;rs2330188;rs2877079;rs2330189	4.44
mh22WL-004	34269272;34269443;34269447	rs5749686;rs9607087;rs5754730	4.27
mh22WL-016	45991612;45991615;45991642;45991645	rs79222659;rs73447079;rs77662475;rs74430055	4.03
