MarkerName	SNPID	Chrom	Position
MH12CP003	rs77966432	12	129135549
MH12CP003	rs12828852	12	129135550
MH12CP003	rs12827386	12	129135562
MH08CP009	rs1420860	8	112168153
MH08CP009	rs2264611	8	112168168
MH08CP009	rs2264612	8	112168169
MH11CP004	rs77516091	11	21063268
MH11CP004	rs76882177	11	21063269
MH11CP004	rs35728001	11	21063293
MH12CP007	rs11177408	12	68895969
MH12CP007	rs7968202	12	68895986
MH12CP007	rs4913472	12	68895995
MH10CP005	rs943547	10	14613456
MH10CP005	rs77839883	10	14613469
MH10CP005	rs10906716	10	14613488
MH17CP002	rs903164	17	2036208
MH17CP002	rs3752963	17	2036209
MH17CP002	rs3752962	17	2036249
MH04CP004	rs4689729	4	7402843
MH04CP004	rs58257016	4	7402855
MH04CP004	rs78610507	4	7402871
MH01CP010	rs6663690	1	85240118
MH01CP010	rs77271423	1	85240131
MH01CP010	rs6687312	1	85240140
MH13CP010	rs7998959	13	29218045
MH13CP010	rs12859370	13	29218056
MH13CP010	rs6490374	13	29218077
MH16CP001	rs2270288	16	8781672
MH16CP001	rs2270289	16	8781674
MH16CP001	rs737695	16	8781688
MH16CP001	rs737694	16	8781728
MH16CP001	rs78352097	16	8781748
MH10CP006	rs2516625	10	6217656
MH10CP006	rs7896450	10	6217664
MH10CP006	rs11818646	10	6217665
MH10CP006	rs2516626	10	6217694
MH10CP006	rs11257345	10	6217699
