MarkerName	Allele	Frequency
MH01CP016	TGG	0.2166
MH01CP016	TGA	0.2916
MH01CP016	TAA	0.425
MH01CP016	AGA	0.0666
MH02CP004	CTA	0.4166
MH02CP004	CTG	0.0833
MH02CP004	TTG	0.15
MH02CP004	CGG	0.35
MH04CP002	CGA	0.0584
MH04CP002	CGT	0.1056
MH04CP002	CAA	0.0544
MH04CP002	GAA	0.04
MH04CP003	ACC	0.225
MH04CP003	GCC	0.1583
MH04CP003	ACT	0.3416
MH04CP003	GTC	0.275
MH05CP004	CTT	0.125
MH05CP004	CTC	0.2333
MH05CP004	CCT	0.45
MH05CP004	CCC	0.025
MH05CP004	ATT	0.1666
MH06CP003	AAC	0.275
MH06CP003	AGC	0.2416
MH06CP003	GGC	0.1916
MH06CP003	AAA	0.2833
MH06CP003	GAC	0.0083
MH07CP004	TTATC	0.1333
MH07CP004	AATAT	0.4083
MH07CP004	AATAC	0.4583
MH10CP003	CCA	0.3416
MH10CP003	TCA	0.2666
MH10CP003	CCC	0.3333
MH10CP003	CTA	0.0583
MH11CP003	AGA	0.325
MH11CP003	AAA	0.2
MH11CP003	AAC	0.2916
MH11CP003	CAA	0.1833
MH14CP003	GGG	0.1583
MH14CP003	AGG	0.0833
MH14CP003	GGA	0.45
MH14CP003	GAA	0.0333
MH14CP003	GAG	0.275
MH17CP001	GAG	0.1583
MH17CP001	GGG	0.35
MH17CP001	GGA	0.125
MH17CP001	CAG	0.3666
MH17CP006	GTC	0.375
MH17CP006	CTT	0.175
MH17CP006	CCT	0.0916
MH17CP006	CTC	0.3583
MH18CP003	ATT	0.2666
MH18CP003	ACT	0.25
MH18CP003	ATC	0.35
MH18CP003	GTC	0.1333
MH18CP005	ACGC	0.2666
MH18CP005	ATAC	0.2916
MH18CP005	GCAC	0.1333
MH18CP005	ACAT	0.3083
MH12CP003	GTA	0.5166
MH12CP003	GCG	0.1916
MH12CP003	TTA	0.1833
MH12CP003	GCA	0.1083
MH08CP009	CGA	0.05
MH08CP009	TGA	0.275
MH08CP009	CTA	0.4333
MH08CP009	TGC	0.2416
MH11CP004	CGG	0.5583
MH11CP004	CGA	0.15
MH11CP004	CTA	0.0916
MH11CP004	TGG	0.2
MH12CP007	ATC	0.1583
MH12CP007	CTC	0.2166
MH12CP007	ACT	0.45
MH12CP007	ATT	0.1666
MH12CP007	ACC	0.0083
MH10CP005	TTT	0.3833
MH10CP005	CTT	0.1083
MH10CP005	CTC	0.3833
MH10CP005	CCC	0.125
MH17CP002	GGT	0.225
MH17CP002	AGC	0.1333
MH17CP002	AGT	0.2666
MH17CP002	GTT	0.375
MH04CP004	CCC	0.4916
MH04CP004	CCT	0.15
MH04CP004	TCC	0.125
MH04CP004	TTC	0.2333
MH01CP010	TCA	0.375
MH01CP010	CCG	0.475
MH01CP010	CCA	0.0666
MH01CP010	CTG	0.0833
MH13CP010	GGA	0.3833
MH13CP010	AGA	0.0416
MH13CP010	AGG	0.2333
MH13CP010	AAA	0.3416
MH16CP001	GCCCT	0.3416
MH16CP001	TCGCT	0.4833
MH16CP001	GAGCT	0.175
MH10CP006	ATGAG	0.0916
MH10CP006	ACGGG	0.2
MH10CP006	ACGGT	0.5333
MH10CP006	CTGAG	0.075
MH10CP006	CCGAG	0.1
