mh01KK-212.v1,
mh01WL-003.v1,
mh01WL-006,rs10802546;rs1266382;rs1266383;rs12132981;rs4659682;rs10925157;rs115804615
mh02KK-014,rs59083416;rs73084811;rs4270334;rs78561058;rs6730730;rs72961055;rs60403543;rs1694621746;rs58129342;rs182570717;rs77155305;rs4332915
mh02KK-022,rs13021132;rs79989676;rs74618846;rs10495516;rs10495515;rs62123466;rs138428279
mh02KK-029,rs1036977184;rs77788766;rs191237929;rs1056213077;rs372620871;rs6726044;rs10191936;rs12999343;rs115054914;rs78044414;rs72905669;rs114774962;rs573151267
mh02KK-134.v2,
mh03WL-001,rs303846;rs303847;rs2600246;rs55955151;rs9878282;rs58820061;rs151094541;rs141077663;rs149853309;rs13320580;rs55700943
mh03WL-006,rs2616593;rs75832240;rs2728063;rs78867335;rs2616592;rs2616591
mh04FHL-005,rs144652344;rs4279197;rs13132046;rs73829626;rs13132246
mh05KK-170.v2,
mh07KK-009,rs73065889;rs114789794;rs13244868;rs28401174;rs2520361;rs2588633;rs115971745;rs189222341;rs528829633;rs28465160;rs148036593;rs28636374;rs375413102;rs28712504
mh08KK-137.v1,
mh09KK-145.v1,
mh09KK-153.v2,
mh10KK-162,rs75728123;rs79563339;rs112006986;rs9423462;rs12777199;rs9423463;rs548253572;rs4881098;rs112639679
mh11KK-180.v2,
mh11KK-183.v1,
mh12KK-201.v1,
mh13KK-213,rs186130261;rs574786958;rs991203428;rs8181845;rs8181836;rs2152727
mh13KK-217.v2,
mh13KK-218,rs565064657;rs1927847;rs9536429;rs7492234;rs9536430
mh13KK-221.v1,
mh16KK-011.v1,
mh16KK-259,rs544552928;rs143423041;rs140436204;rs10163264;rs10163267;rs145717803;rs10163270;rs78983027;rs544442291;rs148944690
mh17KK-278.v1,
mh20KK-306.v1,
mh21KK-320,rs2838081;rs2838082;rs78902658;rs2838083;rs114395414
mh22KK-340.v1,
