mh01KK-212,rs16850184;rs186753019;rs57658975;rs72750624;rs114711668;rs11589785;rs58023111;rs59815839;rs58060874;rs114630930;rs12121078
mh01WL-003,rs115556970;rs2795973;rs2773176;rs117021403;rs2773177
mh01WL-006,rs10802546;rs1266382;rs1266383;rs12132981;rs4659682;rs10925157;rs115804615
mh02KK-014,rs59083416;rs73084811;rs4270334;rs78561058;rs6730730;rs72961055;rs60403543;rs1694621746;rs58129342;rs182570717;rs77155305;rs4332915
mh02KK-022,rs13021132;rs79989676;rs74618846;rs10495516;rs10495515;rs62123466;rs138428279
mh02KK-029,rs1036977184;rs77788766;rs191237929;rs1056213077;rs372620871;rs6726044;rs10191936;rs12999343;rs115054914;rs78044414;rs72905669;rs114774962;rs573151267
mh02KK-134,rs12469721;rs3101043;rs3111398;rs190062220;rs72623112
mh03WL-001,rs303846;rs303847;rs2600246;rs55955151;rs9878282;rs58820061;rs151094541;rs141077663;rs149853309;rs13320580;rs55700943
mh03WL-006,rs2616593;rs75832240;rs2728063;rs78867335;rs2616592;rs2616591
mh04FHL-005,rs144652344;rs4279197;rs13132046;rs73829626;rs13132246
mh05KK-170,rs116278333;rs143851316;rs436910;rs199671779;rs79374881;rs58296930;rs80244780;rs74865590;rs438055;rs370672;rs6555108;rs143205094
mh07KK-009,rs73065889;rs114789794;rs13244868;rs28401174;rs2520361;rs2588633;rs115971745;rs189222341;rs528829633;rs28465160;rs148036593;rs28636374;rs375413102;rs28712504
mh08KK-137,rs35052638;rs73232805;rs58875218;rs59644946;rs62506140;rs113565897;rs62506141;rs184519930
mh09KK-145,rs59428916;rs73401750;rs181550768;rs409950;rs12003360;rs10815071;rs12005199;rs7849565
mh09KK-153,rs62576887;rs10125791;rs2987741;rs7047561;rs1156731
mh10KK-162,rs75728123;rs79563339;rs112006986;rs9423462;rs12777199;rs9423463;rs548253572;rs4881098;rs112639679
mh11KK-180,rs7109697;rs113739994;rs12802112;rs7105950;rs12360952;rs28631755;rs4752778;rs74047734;rs7112918;rs4752777
mh11KK-183,rs56114506;rs4757879;rs2403552;rs139023539;rs112906811;rs11025352;rs2896591
mh12KK-201,rs11049080;rs11049081;rs7972446;rs11834107;rs7138224;rs140345281;rs7959051;rs73084353;rs73084354;rs145035089;rs7959164;rs7959186
mh13KK-213,rs186130261;rs574786958;rs991203428;rs8181845;rs8181836;rs2152727
mh13KK-217,rs76839632;rs7320507;rs9562648;rs2764588;rs9534373;rs9562649;rs2765614
mh13KK-218,rs565064657;rs1927847;rs9536429;rs7492234;rs9536430
mh13KK-221,rs61973993;rs602728;rs113732191;rs9557588;rs7993431;rs112552144;rs114169269;rs608555;rs11843065;rs114345885;rs9300648
mh16KK-011,rs74957131;rs390112;rs76460635;rs188060999;rs390379;rs426580;rs422842;rs7190826;rs441199
mh16KK-259,rs544552928;rs143423041;rs140436204;rs10163264;rs10163267;rs145717803;rs10163270;rs78983027;rs544442291;rs148944690
mh17KK-278,rs4969266;rs11150747;rs7225755;rs72852775;rs7224758
mh20KK-306,rs11697918;rs533194;rs6086446;rs1014897;rs1014898
mh21KK-320,rs2838081;rs2838082;rs78902658;rs2838083;rs114395414
mh22KK-340,rs4925431;rs4925399;rs4925432;rs4925400;rs77899570;rs4925401;rs9628590;rs79558241
