Name	Xref	Reference	Chrom	Offsets	VarRef
mh17KK-014	SI664726F	GRCh38	chr17	4497060,4497088,4497096	rs333113,rs8074965,rs11657785
mh03KK-150	SI664563E	GRCh38	chr3	131927127,131927156,131927242,131927311	rs1225051,rs1225050,rs1225049,rs1225048
mh04KK-010	SI664564F	GRCh38	chr4	1985210,1985244	rs3135123,rs495367
mh04KK-011	SI664565G	GRCh38	chr4	37857268,37857332	rs6855439,rs6531591
mh04KK-013	SI664566H	GRCh38	chr4	67578383,67578461,67578473,67578538,67578583	rs13131164,rs3775866,rs11725922,rs3775867,rs17088476
mh10KK-086	SI664588L	GRCh38	chr10	95069672,95069771	rs7909236,rs17110453
mh10KK-087	SI664589M	GRCh38	chr10	105121710,105121752	rs10884095,rs1452267
mh10KK-088	SI664590E	GRCh38	chr10	133537759,133537857	rs55897648,rs2515641
mh10KK-101	SI664591F	GRCh38	chr10	133533422,133533454	rs915907,rs915908
mh10KK-163	SI664592G	GRCh38	chr10	3120217,3120230,3120293,3120332,3120476	rs3814588,rs6602026,rs3814589,rs3814590,rs9423466
mh06KK-031	SI664695K	GRCh38	chr6	69092609,69092767	rs10455681,rs10455682
mh16KK-061	SI664699O	GRCh38	chr16	87447772,87447821	rs4559917,rs6540049
mh01CP-016	SI664876L	GRCh38	chr1	55559012,55559050,55559056	rs4927251,rs11206620,rs6684891
mh02CP-004	SI664877M	GRCh38	chr2	7112049,7112052,7112077	rs4668522,rs55990245,rs4669133
mh04CP-002	SI664878N	GRCh38	chr4	24304952,24304955,24304971	rs35619595,rs34017818,rs6814654
mh04CP-003	SI664879O	GRCh38	chr4	4324722,4324735,4324749	rs2980189,rs10006433,rs58595616
mh04CP-005	SI664880G	GRCh38	chr4	8778307,8778308,8778336	rs374117083,rs574594810,rs143072335
mh04CP-007	SI664881H	GRCh38	chr4	10350881,10350903,10350925	rs4697751,rs4698039,rs4698040
mh05CP-004	SI664882I	GRCh38	chr5	9565017,9565022,9565043	rs61243436,rs150628,rs16883189
mh04KK-019	SI664567I	GRCh38	chr4	178707936,178708066	rs17731793,rs2122136
mh04KK-028	SI664568J	GRCh38	chr4	99346973,99347032	rs3762896,rs283413
mh05KK-023	SI664569K	GRCh38	chr5	38881357,38881435,38881500	rs617938,rs2278325,rs2278324
mh11KK-037	SI664594I	GRCh38	chr11	72558169,72558257,72558302	rs341065,rs10898849,rs395447
mh11KK-089	SI664595J	GRCh38	chr11	113411552,113411572	rs1124492,rs1124493
mh11KK-090	SI664596K	GRCh38	chr11	113425551,113425563	rs1079598,rs1079597
mh11KK-091	SI664597L	GRCh38	chr11	113475528,113475628	rs1799732,rs1799978
mh11KK-180	SI664598M	GRCh38	chr11	1669560,1669680,1669738,1669753	rs12802112,rs28631755,rs7112918,rs4752777
mh11KK-187	SI664599N	GRCh38	chr11	79236550,79236579,79236599,79236731	rs493442,rs17137917,rs551850,rs17137926
mh10KK-169	SI664593H	GRCh38	chr10	14166361,14166510,14166588,14166611,14166652	rs10906617,rs10796164,rs10796165,rs17154765,rs10796166
mh17KK-076	SI664622A	GRCh38	chr17	45658111,45658151	rs241027,rs528912185
mh17KK-077	SI664623B	GRCh38	chr17	45777789,45777861	rs4074461,rs4074462
mh17KK-105	SI664624C	GRCh38	chr17	45996522,45996606,45996651	rs1052553,rs17652121,rs11568305
mh17KK-110	SI664625D	GRCh38	chr17	55486420,55486611	rs9908046,rs8075367
mh17KK-272	SI664626E	GRCh38	chr17	54865066,54865094,54865129,54865196	rs2934897,rs7207239,rs16955257,rs7212184
mh18KK-285	SI664627F	GRCh38	chr18	24557354,24557431,24557447,24557489	rs16940823,rs17187688,rs17187695,rs1945150
mh18KK-293	SI664628G	GRCh38	chr18	78329885,78329906,78329944,78329967	rs621320,rs621340,rs678179,rs621766
mh05CP-010	SI664883J	GRCh38	chr5	17903164,17903183,17903208,17903213	rs62349578,rs62349579,rs62349580,rs62349581
mh06CP-003	SI664884K	GRCh38	chr6	5561444,5561462,5561471	rs4960100,rs4960101,rs12202010
mh06CP-007	SI664885L	GRCh38	chr6	4383078,4383097,4383120	rs558006,rs4142082,rs6906397
mh07CP-004	SI664886M	GRCh38	chr7	16789069,16789073,16789076,16789085,16789114	rs4719476,rs34303279,rs4719477,rs60341514,rs61687146
mh10CP-003	SI664887N	GRCh38	chr10	24304121,24304127,24304146	rs10764460,rs220365,rs727269
mh11CP-003	SI664888O	GRCh38	chr11	5854636,5854653,5854658	rs2045046,rs12289831,rs2045045
mh11CP-005	SI664889P	GRCh38	chr11	23335742,23335767,23335773	rs7926642,rs7118419,rs72865222
mh12CP-008	SI664890H	GRCh38	chr12	1996655,1996658,1996688	rs12321049,rs540238705,rs11062051
mh13CP-008	SI664891I	GRCh38	chr13	24343962,24343985,24343993	rs9507311,rs9553248,rs9553249
mh11KK-191	SI664600W	GRCh38	chr11	100009430,100009491,100009549,100009619	rs12421109,rs12289401,rs12420819,rs770566
mh12KK-043	SI664601X	GRCh38	chr12	3599332,3599379,3599442	rs11613749,rs11062734,rs17780102
mh12KK-092	SI664602Y	GRCh38	chr12	6796014,6796097	rs2857234,rs2707209
mh12KK-093	SI664603Z	GRCh38	chr12	102821069,102821124	rs11111391,rs7970874
mh12KK-202	SI664604A	GRCh38	chr12	30017295,30017372,30017425,30017448	rs10506052,rs4931233,rs10506053,rs4931234
mh13KK-213	SI664605B	GRCh38	chr13	23191401,23191495,23191541	rs8181845,rs679482,rs9510616
mh13KK-217	SI664606C	GRCh38	chr13	46291794,46291834,46291948,46291986	rs7320507,rs9562648,rs9562649,rs2765614
mh13KK-218	SI664607D	GRCh38	chr13	53486691,53486745,53486756,53486836	rs1927847,rs9536429,rs7492234,rs9536430
mh19KK-057	SI664629H	GRCh38	chr19	51654948,51655025,51655062	rs17717333,rs12462026,rs7250849
mh19KK-299	SI664630Z	GRCh38	chr19	22546697,22546748,22546779,22546810,22546850	rs12985452,rs4932999,rs4932769,rs2361019,rs2860462
mh19KK-301	SI664631A	GRCh38	chr19	50938487,50938502,50938526,50938550	rs10408594,rs11084040,rs10408037,rs8104441
mh20KK-058	SI664632B	GRCh38	chr20	50227722,50227755,50227827	rs6122890,rs6095836,rs6012881
mh20KK-307	SI664633C	GRCh38	chr20	16532614,16532670,16532696,16532754	rs6044080,rs17674942,rs6044081,rs16997830
mh21KK-315	SI664634D	GRCh38	chr21	20507773,20507878,20507918	rs8126597,rs8131148,rs6517971
mh21KK-316	SI664635E	GRCh38	chr21	26410648,26410672,26410719,26410782	rs961302,rs17002090,rs961301,rs2830208
mh14CP-003	SI664892J	GRCh38	chr14	32686114,32686138,32686149	rs12436504,rs66481544,rs7155003
mh14CP-004	SI664893K	GRCh38	chr14	38976183,38976202,38976225	rs11157032,rs11157033,rs11157034
mh17CP-005	SI664895M	GRCh38	chr17	19715705,19715739,19715749	rs12951414,rs12450979,rs12451902
mh17CP-006	SI664896N	GRCh38	chr17	15385768,15385781,15385817	rs9897281,rs62069897,rs2215237
mh18CP-003	SI664897O	GRCh38	chr18	25488431,25488461,25488469	rs78549053,rs58533252,rs12970683
mh18CP-005	SI664898P	GRCh38	chr18	8892864,8892893,8892896,8892907	rs77849214,rs62085085,rs690302,rs595107
mh19CP-007	SI664899Q	GRCh38	chr19	14310739,14310772,14310780	rs10417429,rs10417450,rs34190726
mh02KK-131	SI664902B	GRCh38	chr2	97748700,97748786	rs17488897,rs1466020
mh13KK-223	SI664608E	GRCh38	chr13	110154351,110154394,110154411,110154504	rs1192204,rs1192205,rs3825483,rs3825481
mh13KK-225	SI664609F	GRCh38	chr13	66138599,66138657,66138695	rs4884651,rs9529023,rs7329287
mh13KK-226	SI664610X	GRCh38	chr13	94894395,94894512	rs721367,rs2892698
mh14KK-068	SI664611Y	GRCh38	chr14	21157082,21157102	rs1887063,rs1887064
mh14KK-101	SI664612Z	GRCh38	chr14	105543139,105543234	rs28529526,rs10134526
mh15KK-066	SI664613A	GRCh38	chr15	52192752,52192826	rs1063902,rs4219
mh15KK-067	SI664614B	GRCh38	chr15	46578535,46578656	rs701463,rs701464
mh15KK-095	SI664615C	GRCh38	chr15	48122771,48122870	rs2433354,rs2459391
mh15KK-104	SI664616D	GRCh38	chr15	63806357,63806413,63806494	rs11631544,rs10152453,rs80047978
mh08KK-032	SI664183C	GRCh38	chr8	11738319,11738459	rs1390950,rs2898295
mh09KK-035	SI664184D	GRCh38	chr9	134525268,134525461	rs3118582,rs10776839
mh11KK-036	SI664185E	GRCh38	chr11	5088715,5088837	rs10500616,rs2499936
mh11KK-038	SI664186F	GRCh38	chr11	113240778,113240942	rs2303377,rs2303378
mh02KK-105	SI664697M	GRCh38	chr2	96700565,96700586	rs2280355,rs2280356
mh09KK-020	SI664720Z	GRCh38	chr9	16795160,16795164,16795242,16795287	rs10962598,rs73649032,rs10810635,rs10962599
mh01CP-007	SI664874J	GRCh38	chr1	12788891,12788904,12788907	rs861907,rs74887893,rs80137938
mh05KK-120	SI664903C	GRCh38	chr5	33951445,33951587,33951720	rs2278007,rs16891982,rs35398
mh16KK-049	SI664617E	GRCh38	chr16	7159206,7159245,7159265,7159309,7159379	rs9937467,rs17670098,rs17670111,rs12929083,rs9926495
mh16KK-096	SI664618F	GRCh38	chr16	89919708,89919745	rs1805007,rs885479
mh16KK-255	SI664619G	GRCh38	chr16	81936747,81936760,81936801,81936889	rs16956011,rs3934955,rs3934956,rs4073828
mh16KK-302	SI664620Y	GRCh38	chr16	7537731,7537743,7537801,7537844	rs1395579,rs1395580,rs1395582,rs9939248
mh06KK-030	SI664696L	GRCh38	chr6	16801535,16801551,16801634	rs10949381,rs675934,rs607341
mh11KK-103	SI664187G	GRCh38	chr11	113418314,113418343,113418459,113418575	rs1107162,rs2075654,rs1079727,rs2002453
mh12KK-045	SI664188H	GRCh38	chr12	102866855,102867040	rs2133298,rs3817446
mh12KK-046	SI664189I	GRCh38	chr12	118451682,118451753	rs1503767,rs11068953
mh04KK-015	SI664197H	GRCh38	chr4	99383008,99383090	rs2584457,rs12648443
mh03CP-005	SI664935H	GRCh38	chr3	15643038,15643040,15643041,15643049	rs11714810,rs13066152,rs4684257,rs61495356
mh11CP-004	SI664937J	GRCh38	chr11	21063267,21063268,21063292	rs77516091,rs76882177,rs35728001
mh01CP-012	SI664942F	GRCh38	chr1	60999611,60999616,60999641	rs12026749,rs1283256,rs8179472
mh02KK-003	SI664201T	GRCh38	chr2	108969856,108969914,108969980	rs260694,rs11123719,rs11691107
mh05KK-062	SI664203V	GRCh38	chr5	6844903,6844921	rs870348,rs870347
mh01KK-001	SI664246C	GRCh38	chr1	3826567,3826754,3826785,3826826	rs4648344,rs6663840,rs58111155,rs6688969
mh01KK-002	SI664247D	GRCh38	chr1	216461085,216461102	rs4528199,rs6604596
mh14KK-048	SI664190A	GRCh38	chr14	73783853,73784011	rs12717560,rs12878166
mh17KK-052	SI664191B	GRCh38	chr17	45394954,45395140	rs1059504,rs8327
mh17KK-054	SI664192C	GRCh38	chr17	49209704,49209746	rs2233362,rs634370
mh19KK-056	SI664193D	GRCh38	chr19	4852124,4852324	rs1055919,rs2271057
mh20KK-059	SI664194E	GRCh38	chr20	61128861,61128957	rs10854214,rs10854215
mh20KK-016	SI664910A	GRCh38	chr20	63539944,63539991,63540067,63540153,63540202	rs310650,rs310651,rs310652,rs13036739,rs310653
mh02KK-139	SI664913D	GRCh38	chr2	108897144,108897197	rs3827760,rs12623957
mh05CP-006	SI664936I	GRCh38	chr5	2136455,2136487,2136491	rs6555064,rs6555065,rs12653673
mh05KK-022	SI664226A	GRCh38	chr5	9619792,9619823	rs41461,rs41462
mh07KK-031	SI664227B	GRCh38	chr7	97104659,97104744	rs17168174,rs10246622
mh09KK-034	SI664228C	GRCh38	chr9	12672274,12672319	rs1408800,rs1408801
mh11KK-040	SI664229D	GRCh38	chr11	113393747,113393788	rs4938013,rs11214596
mh11KK-041	SI664230V	GRCh38	chr11	113412736,113412754	rs6277,rs6275
mh17KK-055	SI664231W	GRCh38	chr17	78232489,78232548	rs11868709,rs9907137
mh11KK-039	SI664248E	GRCh38	chr11	113340606,113340647	rs2288159,rs10891537
mh13KK-047	SI664249F	GRCh38	chr13	50313423,50313588	rs806301,rs2066700
mh21KK-320	SI664636F	GRCh38	chr21	41642698,41642768,41642857,41642883	rs2838081,rs2838082,rs78902658,rs2838083
mh21KK-324	SI664637G	GRCh38	chr21	45294633,45294725,45294776,45294791	rs6518223,rs2838868,rs7279250,rs8133697
mh16KK-062	SI664909I	GRCh38	chr16	87468088,87468129,87468385	rs28503604,rs8055777,rs28485311
mh15KK-069	SI664916G	GRCh38	chr15	27984950,27985037	rs1900758,rs1800410
mh11KK-092	SI664918I	GRCh38	chr11	113194301,113194570,113194596	rs7928046,rs1943620,rs1807939
mh04KK-017	SI664199J	GRCh38	chr4	99400285,99400415,99400437	rs4699748,rs2584461,rs1442492
mh17KK-053	SI664250X	GRCh38	chr17	47618465,47618547	rs3760370,rs3760371
mh22KK-060	SI664251Y	GRCh38	chr22	19963683,19963747	rs4818,rs4680
mh03KK-009	SI664224Y	GRCh38	chr3	114171941,114171967	rs3732783,rs6280
mh04KK-016	SI664225Z	GRCh38	chr4	99392838,99392904	rs2851017,rs2032350
mh15CP-003	SI664938K	GRCh38	chr15	47831252,47831292,47831295	rs58022506,rs12440416,rs578662
mh15CP-004	SI664939L	GRCh38	chr15	43509825,43509839,43509872	rs506120,rs28628574,rs34306395
mh15CP-001	SI664946J	GRCh38	chr15	40076158,40076160,40076162	rs12899727,rs34090207,rs369577479
mh03KK-008	SI664181A	GRCh38	chr3	46515344,46515457	rs6808142,rs17030627
mh04KK-021	SI664182B	GRCh38	chr4	186616978,186617175	rs1280100,rs1280099
mh02KK-005	SI664179H	GRCh38	chr2	149097582,149097738	rs2170607,rs10497052
mh03KK-007	SI664180Z	GRCh38	chr3	46310863,46310892	rs4513489,rs6441961
mh22KK-061	SI664638H	GRCh38	chr22	44367725,44367770,44367871	rs763040,rs5764924,rs763041
mh01CP-008	SI664875K	GRCh38	chr1	14503432,14503434,14503448	rs10927447,rs10803282,rs10803283
mh17CP-001	SI664894L	GRCh38	chr17	11308466,11308492,11308502	rs4792125,rs36040276,rs62063465
mh15KK-068	SI664915F	GRCh38	chr15	27951674,27951890	rs7173419,rs1800414
mh22KK-064	SI664640A	GRCh38	chr22	36265795,36265859,36265987,36265994	rs136177,rs73885319,rs60910145,rs71785313
mh05KK-121	SI664904D	GRCh38	chr5	33951720,33951955,33951986,33952000	rs35398,rs1364038,rs185145,rs185146
mh08KK-039	SI664905E	GRCh38	chr8	3659269,3659313,3659351,3659400,3659461,3659481	rs1905100,rs10503214,rs7822812,rs922795,rs922794,rs7838695
mh01KK-135	SI664907G	GRCh38	chr1	234206032,234206320	rs61822416,rs12036383
mh22KK-069	SI664642C	GRCh38	chr22	41333211,41333289	rs8137373,rs2235845
mh22KK-303	SI664643D	GRCh38	chr22	19962711,19962739,19962744,19962805	rs4633,rs6267,rs740602,rs76452330
mh04KK-029	SI664644E	GRCh38	chr4	99420681,99420703	rs59534319,rs971074
mh15KK-058	SI664906F	GRCh38	chr15	28120284,28120471,28120586	rs6497271,rs12913832,rs7183877
mh02KK-138	SI664911B	GRCh38	chr2	45964843,45964877,45964938,45964952,45965051,45965091	rs4953292,rs2595202,rs6759301,rs59298278,rs2595203,rs6715568
mh21KK-313	SI664912C	GRCh38	chr21	42522024,42522138,42522196	rs6586324,rs6586325,rs6586326
mh12KK-042	SI664914E	GRCh38	chr12	111555907,111556081	rs7969300,rs593226
mh05KK-020	SI664917H	GRCh38	chr5	38881357,38881435,38881500,38881525	rs617938,rs2278325,rs2278324,rs525735
mh03KK-216	SI664919J	GRCh38	chr3	50159658,50159663	rs2072053,rs1046953
mh05KK-122	SI664692H	GRCh38	chr5	33958804,33958853	rs1010872,rs28777
mh05KK-123	SI664694J	GRCh38	chr5	33962664,33962771	rs28117,rs1423676
mh05KK-124	SI664698N	GRCh38	chr5	33969522,33969588	rs35414,rs3756464
mh03KK-020	SI664700X	GRCh38	chr3	140566272,140566491	rs4683510,rs12494698
mh01KK-070	SI664546F	GRCh38	chr1	11794399,11794418	rs4846051,rs1801131
mh01KK-072	SI664547G	GRCh38	chr1	75723759,75723802	rs1251079,rs1251078
mh01KK-106	SI664548H	GRCh38	chr1	4167403,4167500,4167563,4167573	rs12123330,rs16840876,rs56212601,rs4468133
mh01KK-117	SI664549I	GRCh38	chr1	204664211,204664268,204664371,204664397	rs17413714,rs2772234,rs1610401,rs1610400
mh01KK-205	SI664550A	GRCh38	chr1	18396197,18396218,18396306,18396351	rs11810587,rs1336130,rs1533623,rs1533622
mh01KK-210	SI664551B	GRCh38	chr1	22815857,22816002	rs2165332,rs7536195
mh01KK-211	SI664552C	GRCh38	chr1	161985865,161985967,161986013	rs2490423,rs16835127,rs2341465
mh01NK-001	SI664553D	GRCh38	chr1	230684604,230684831,230684858,230684883	rs2479135,rs2296796,rs2296797,rs2296798
mh04KK-074	SI664570C	GRCh38	chr4	55457429,55457525	rs11932595,rs17085763
mh05KK-078	SI664571D	GRCh38	chr5	9629357,9629416	rs2234234,rs2234233
mh05KK-079	SI664572E	GRCh38	chr5	9629610,9629700	rs2234232,rs41469
mh05KK-170	SI664573F	GRCh38	chr5	2447909,2447937,2448031,2448045	rs74865590,rs438055,rs370672,rs6555108
mh06KK-025	SI664574G	GRCh38	chr6	2936965,2936989,2937112	rs318453,rs9501899,rs11242810
mh06KK-026	SI664575H	GRCh38	chr6	16399415,16399448,16399489	rs4565296,rs4431439,rs179939
mh06KK-080	SI664576I	GRCh38	chr6	15542066,15542151	rs2056942,rs2056941
mh06KK-101	SI664577J	GRCh38	chr6	170280714,170280900	rs9356632,rs2180052
mh07KK-030	SI664578K	GRCh38	chr7	53594403,53594437,53594500	rs2330425,rs967066,rs10226425
mh02KK-215	SI664719H	GRCh38	chr2	136060045,136060087	rs2011946,rs16832624
mh16KK-053	SI664722B	GRCh38	chr16	31087678,31087689	rs201075024,rs11150606
mh20KK-035	SI664723C	GRCh38	chr20	2088698,2088728	rs6136957,rs13044611
mh09KK-161	SI664724D	GRCh38	chr9	344228,344331	rs4741823,rs16932430
mh06KK-008	SI664725E	GRCh38	chr6	169255933,169255983,169256024,169256152	rs6930377,rs6921774,rs6605524,rs6605523
mh04KK-030	SI664727G	GRCh38	chr4	3664642,3664675,3664743,3664756	rs16844737,rs4916615,rs1884412,rs1884411
mh02KK-004	SI664554E	GRCh38	chr2	118985034,118985127,118985288	rs3731611,rs13424991,rs3731612
mh02KK-073	SI664555F	GRCh38	chr2	46359894,46359957	rs1374748,rs7583554
mh02KK-102	SI664556G	GRCh38	chr2	108897599,108897648,108897735	rs2169812,rs6542783,rs2378217
mh02KK-134	SI664557H	GRCh38	chr2	160222899,160222923,160222938,160223002	rs12469721,rs3101043,rs3111398,rs72623112
mh02KK-136	SI664558I	GRCh38	chr2	227227672,227227689,227227742	rs6714835,rs6756898,rs12617010
mh02KK-201	SI664559J	GRCh38	chr2	144995598,144995712	rs1371048,rs786247
mh02KK-202	SI664560B	GRCh38	chr2	107031716,107031855	rs13422174,rs12464185
mh02KK-213	SI664561C	GRCh38	chr2	100480397,100480409,100480497	rs7568519,rs7577785,rs1519654
mh03KK-006	SI664562D	GRCh38	chr3	121645325,121645388	rs1919550,rs9873644
mh07KK-081	SI664579L	GRCh38	chr7	99652769,99652851	rs41303343,rs28365094
mh07KK-082	SI664580D	GRCh38	chr7	141973450,141973544	rs150209521,rs713598
mh09KK-033	SI664581E	GRCh38	chr9	680713,680762,680790	rs10815466,rs9408671,rs17431629
mh09KK-152	SI664582F	GRCh38	chr9	83193733,83193792,83193814,83193874	rs10867949,rs4282648,rs10780576,rs7046769
mh09KK-153	SI664583G	GRCh38	chr9	101207457,101207492,101207569	rs10125791,rs2987741,rs7047561
mh09KK-157	SI664584H	GRCh38	chr9	132987091,132987107,132987175,132987204,132987244	rs606141,rs8193001,rs56256724,rs2073578,rs633153
mh10KK-083	SI664585I	GRCh38	chr10	94761816,94761899	rs11568732,rs12248560
mh10KK-084	SI664586J	GRCh38	chr10	95058348,95058361	rs11572103,rs1058930
mh10KK-085	SI664587K	GRCh38	chr10	95067392,95067420	rs11572076,rs2275622
mh01KK-172	SI664721A	GRCh38	chr1	1551453,1551522,1551678	rs3128342,rs3766176,rs1887284
mh10KK-170	SI664728H	GRCh38	chr10	77150283,77150315,77150472	rs2250841,rs2250840,rs12359688
