Marker	Fst
mh01AT-02	0.0319
mh01AT-03	0.0071
mh01AT-04	0.0807
mh01CP-007	-0.0101
mh01CP-008	0.0538
mh01CP-010	0.0981
mh01CP-012	-0.0408
mh01CP-016	0.0919
mh01KK-001	0.0713
mh01KK-002	0.2541
mh01KK-070	0.1178
mh01KK-072	0.0089
mh01KK-106	0.1783
mh01KK-117	0.0472
mh01KK-135	0.2169
mh01KK-172	-0.0441
mh01KK-205	-0.0068
mh01KK-210	0.1178
mh01KK-211	0.1164
mh01NH-01	-0.0053
mh01NH-02	0.0572
mh01NH-03	0.1725
mh01NH-04	0.0807
mh01NK-001	0.0904
mh01USC-1pA	0.0036
mh01USC-1pB	-0.0154
mh01USC-1pC	0.0435
mh01USC-1pD	0.2831
mh01USC-1qA	0.0695
mh01USC-1qB	0.1579
mh01USC-1qC	0.0152
mh01USC-1qD	-0.07
mh02AT-05	0.152
mh02AT-07	0.0338
mh02CP-004	0.0768
mh02KK-003	0.3298
mh02KK-004	0.1265
mh02KK-005	-0.0857
mh02KK-073	0.0778
mh02KK-102	0.3257
mh02KK-105	0.1077
mh02KK-131	0.2926
mh02KK-134	0.1603
mh02KK-136	0.0338
mh02KK-138	0.1259
mh02KK-139	0.4234
mh02KK-201	0.299
mh02KK-202	-0.0211
mh02KK-213	0.0003
mh02KK-215	0.0847
mh02LV-05	0.0497
mh02LV-08	0.0375
mh02NH-05	0.0446
mh02NH-06	0.0669
mh02USC-2pA	0.2143
mh02USC-2pB	0.0457
mh02USC-2pC	0.0087
mh02USC-2qA	0.1133
mh02USC-2qB	0.043
mh02USC-2qC	0.0784
mh02USC-2qD	-0.0547
mh02USC-2qE	0.0076
mh03AT-08	0.0181
mh03AT-09	-0.0749
mh03CP-005	0.1304
mh03KK-006	0.1333
mh03KK-007	0.0181
mh03KK-008	0.019
mh03KK-009	0.094
mh03KK-020	0.229
mh03KK-150	-0.0351
mh03KK-216	0.1118
mh03LV-01	0.0171
mh03LV-06	0.0252
mh03LV-07	0.057
mh03NH-07	0.1192
mh03USC-3pA	0.077
mh03USC-3pB	0.038
mh03USC-3pC	0.1173
mh03USC-3qA	0.1315
mh03USC-3qB	0.0549
mh03USC-3qC	0.0222
mh04AT-10	0.0406
mh04AT-12	0.077
mh04CP-002	-0.0331
mh04CP-003	0.0321
mh04CP-004	0.061
mh04CP-005	0.1926
mh04CP-007	0.0315
mh04KK-010	0.0406
mh04KK-011	0.1313
mh04KK-013	0.0222
mh04KK-015	0.0853
mh04KK-016	0.1176
mh04KK-017	0.0821
mh04KK-019	0.2124
mh04KK-021	0.1644
mh04KK-028	0.1819
mh04KK-029	0.0284
mh04KK-030	0.0515
mh04KK-074	0.0856
mh04USC-4pA	-0.0444
mh04USC-4pB	0.153
mh04USC-4qA	-0.0166
mh04USC-4qB	0.1938
mh04USC-4qC	0.0916
mh04USC-4qD	0.144
mh05AT-13	-0.045
mh05AT-14	0.2094
mh05CP-004	0.0251
mh05CP-006	0.0397
mh05CP-010	-0.0091
mh05KK-020	0.0566
mh05KK-022	0.2094
mh05KK-023	0.0859
mh05KK-062	-0.0093
mh05KK-078	0.1765
mh05KK-079	0.08
mh05KK-120	0.4416
mh05KK-121	0.2791
mh05KK-122	0.3262
mh05KK-123	0.1852
mh05KK-124	0.1321
mh05KK-170	0.0029
mh05NH-09	0.0499
mh05NH-10	-0.1419
mh05USC-5pA	0.1571
mh05USC-5pB	0.063
mh05USC-5qA	0.1951
mh05USC-5qB	0.0445
mh05USC-5qC	0.0789
mh05USC-5qD	0.048
mh06CP-003	0.0426
mh06CP-007	0.0843
mh06KK-008	0.0887
mh06KK-025	0.0623
mh06KK-026	0.1966
mh06KK-030	0.1872
mh06KK-031	0.3676
mh06KK-080	0.0249
mh06KK-101	0.259
mh06LV-09	0.0311
mh06NH-11	0.114
mh06PK-25713	0.0681
mh06USC-6pA	0.0652
mh06USC-6pB	0.0948
mh06USC-6qA	0.0569
mh06USC-6qB	0.0655
mh06USC-6qC	0.0138
mh06USC-6qD	0.1223
mh07CP-004	-0.0184
mh07KK-030	-0.1236
mh07KK-031	-0.0474
mh07KK-081	-0.0288
mh07KK-082	0.0783
mh07NH-12	0.1498
mh07PK-38311	0.1927
mh07USC-7pA	0.0942
mh07USC-7pB	0.0331
mh07USC-7pC	0.0973
mh07USC-7qA	0.0815
mh07USC-7qB	0.1658
mh07USC-7qC	0.0924
mh08CP-009	0.1651
mh08KK-032	0.1843
mh08KK-039	0.1203
mh08PK-46625	0.1395
mh08USC-8pA	0.0672
mh08USC-8pB	0.1604
mh08USC-8qA	0.0174
mh08USC-8qB	0.0958
mh08USC-8qC	0.0228
mh09AT-15	0.0602
mh09AT-16	0.1238
mh09AT-17	0.0757
mh09AT-18	0.0368
mh09KK-020	0.2223
mh09KK-033	0.0504
mh09KK-034	0.1357
mh09KK-035	0.033
mh09KK-152	0.1238
mh09KK-153	0.1476
mh09KK-157	0.0805
mh09KK-161	0.2824
mh09LV-02	-0.0027
mh09NH-13	0.0911
mh09USC-9pA	0.0531
mh09USC-9pB	0.0574
mh09USC-9qA	0.0622
mh09USC-9qB	0.0065
mh09USC-9qC	0.0327
mh0XUSC-XpA	-0.3302
mh0XUSC-XpB	-0.0391
mh0XUSC-XpC	-0.8135
mh0XUSC-XqA	-0.1094
mh0XUSC-XqB	-0.3378
mh0XUSC-XqC	-0.8114
mh0XUSC-XqE	-0.5646
mh0XUSC-XqF	0.1942
mh0XUSC-XqG	-0.6026
mh0XUSC-XqH	-0.2572
mh10AT-19	0.0103
mh10CP-003	0.0145
mh10CP-005	0.0939
mh10CP-006	0.092
mh10KK-083	-0.0619
mh10KK-084	-0.0563
mh10KK-085	-0.0794
mh10KK-086	0.1095
mh10KK-087	0.1966
mh10KK-088	0.1408
mh10KK-101	0.1394
mh10KK-163	0.0487
mh10KK-169	0.0205
mh10KK-170	0.2788
mh10LV-03	0.0321
mh10NH-14	0.0202
mh10NH-15	0.3842
mh10NH-16	0.0062
mh10PK-62104	0.1032
mh10USC-10pA	0.0912
mh10USC-10pB	0.194
mh10USC-10qA	0.0909
mh10USC-10qB	0.1346
mh10USC-10qC	0.0546
mh11AT-20	0.1601
mh11AT-21	0.0342
mh11AT-22	0.0491
mh11AT-23	0.1008
mh11CP-003	0.01
mh11CP-004	-0.0191
mh11CP-005	0.1238
mh11KK-036	0.0342
mh11KK-037	0.1558
mh11KK-038	0.0906
mh11KK-039	-0.059
mh11KK-040	0.1008
mh11KK-041	0.0976
mh11KK-089	0.0775
mh11KK-090	-0.0285
mh11KK-091	0.2072
mh11KK-092	-0.0278
mh11KK-103	0.0478
mh11KK-180	0.1736
mh11KK-187	0.1572
mh11KK-191	0.0746
mh11NH-17	0.183
mh11NH-18	0.0016
mh11NH-19	0.1055
mh11PK-62906	0.1147
mh11USC-11pA	-0.0313
mh11USC-11pB	0.1346
mh11USC-11qA	0.0743
mh11USC-11qB	0.0106
mh11USC-11qC	-0.0298
mh12AT-24	0.0295
mh12AT-25	0.2188
mh12CP-003	0.0268
mh12CP-007	0.1218
mh12CP-008	0.0172
mh12KK-042	0.1965
mh12KK-043	0.151
mh12KK-045	0.1726
mh12KK-046	0.2188
mh12KK-092	-0.1244
mh12KK-093	0.232
mh12KK-202	0.0309
mh12NH-20	-0.0286
mh12USC-12pA	-0.0562
mh12USC-12pB	0.039
mh12USC-12qA	0.0947
mh12USC-12qB	0.1527
mh12USC-12qC	-0.0493
mh13AT-26	0.0459
mh13AT-27	0.0532
mh13AT-30	0.0877
mh13CP-008	0.0808
mh13CP-010	-0.0373
mh13KK-047	0.0929
mh13KK-213	0.0097
mh13KK-217	0.0045
mh13KK-218	0.0217
mh13KK-223	0.087
mh13KK-225	0.1108
mh13KK-226	0.2554
mh13LV-10	0.0235
mh13USC-13qA	-0.0276
mh13USC-13qB	0.0396
mh13USC-13qC	0.0445
mh13USC-13qD	0.0101
mh14CP-003	0.048
mh14CP-004	0.1506
mh14KK-048	0.0931
mh14KK-068	-0.0516
mh14KK-101	0.4969
mh14NH-21	0.0807
mh14NH-22	0.0909
mh14PK-72639	0.0585
mh14USC-14qA	0.0604
mh14USC-14qB	0.0593
mh14USC-14qC	0.1156
mh14USC-14qD	0.1847
mh15AT-31	0.0716
mh15AT-32	0.1765
mh15CP-001	-0.0678
mh15CP-003	0.0265
mh15CP-004	0.2168
mh15KK-058	0.0862
mh15KK-066	0.1765
mh15KK-067	0.1106
mh15KK-068	0.1034
mh15KK-069	0.2762
mh15KK-095	0.3359
mh15KK-104	0.2426
mh15USC-15qA	0.1224
mh15USC-15qB	0.1434
mh15USC-15qC	0.1532
mh15USC-15qD	0.2047
mh16AT-33	0.0848
mh16AT-34	0.0537
mh16CP-001	0.1348
mh16KK-049	0.0548
mh16KK-053	0.3117
mh16KK-061	0.112
mh16KK-062	0.3843
mh16KK-096	0.3973
mh16KK-255	0.0491
mh16KK-302	0.1498
mh16PK-83362	0.3857
mh16PK-83483	0.1535
mh16PK-83544	0.0694
mh16USC-16pA	0.0471
mh16USC-16pB	0.0574
mh16USC-16qA	0.0965
mh16USC-16qB	0.0839
mh17AT-35	0.0337
mh17AT-36	-0.0358
mh17CP-001	-0.0312
mh17CP-002	0.0419
mh17CP-005	0.0172
mh17CP-006	-0.0241
mh17KK-014	0.3014
mh17KK-052	0.0216
mh17KK-053	0.0939
mh17KK-054	0.0337
mh17KK-055	0.0317
mh17KK-076	0.0617
mh17KK-077	0.0272
mh17KK-105	0.037
mh17KK-110	-0.0759
mh17KK-272	-0.0101
mh17USC-17pA	0.2001
mh17USC-17qA	-0.0283
mh17USC-17qB	0.1412
mh17USC-17qC	-0.0863
mh18AT-38	0.0837
mh18AT-39	0.0837
mh18CP-003	0.0183
mh18CP-005	0.0059
mh18KK-285	0.0836
mh18KK-293	0.0837
mh18PK-87558	0.0494
mh18USC-18pA	0.1818
mh18USC-18qA	0.1773
mh18USC-18qB	0.05
mh18USC-18qC	-0.0049
mh19AT-47	0.117
mh19CP-007	0.0776
mh19KK-056	0.176
mh19KK-057	0.0428
mh19KK-299	0.1102
mh19KK-301	0.1698
mh19NH-23	-0.0124
mh19USC-19pA	0.0733
mh19USC-19pB	0.0731
mh19USC-19qA	0.088
mh19USC-19qB	0.0163
mh20AT-40	0.0392
mh20KK-016	0.2224
mh20KK-035	0.218
mh20KK-058	0.1605
mh20KK-059	0.0328
mh20KK-307	0.0647
mh20LV-04	0.0059
mh20NH-24	0.0955
mh20NH-25	0.0107
mh20NH-26	0.0833
mh20USC-20pA	0.1826
mh20USC-20pB	0.0781
mh20USC-20qA	0.0594
mh20USC-20qB	-0.0783
mh21AT-41	0.05
mh21AT-43	0.1681
mh21AT-44	0.0553
mh21KK-313	0.1623
mh21KK-315	0.0584
mh21KK-316	0.1599
mh21KK-320	0.1483
mh21KK-324	0.1036
mh21PK-MX1s	0.0406
mh21USC-21qA	0.2061
mh21USC-21qB	0.0896
mh22AT-45	0.1102
mh22AT-46	0.0202
mh22KK-060	0.1259
mh22KK-061	0.0309
mh22KK-064	0.1321
mh22KK-069	0.2542
mh22KK-303	0.1844
mh22NH-27	0.1069
mh22USC-22qA	0.0214
mh22USC-22qB	0.159
