Marker	RSID	Chrom	GRCh37	GRCh38	VCF37	VCF38
mh01KK-001	rs2275834	1	3743109	3826545	3743109	3826545
mh01KK-001	rs4648344	1	3743132	3826568	3743132	3826568
mh01KK-001	rs4648345	1	3743151	3826587	3743151	3826587
mh01KK-001	rs6663840	1	3743319	3826755	3743319	3826755
mh01KK-001	rs58111155	1	3743350	3826786	3743350	3826786
mh01KK-001	rs6688969	1	3743391	3826827	3743391	3826827
mh01KK-001	rs199565833	1	3743337	3826773	3743337	3826773
mh01KK-001	rs376407444	1	3743223	3826659	3743223	3826659
mh01KK-001	rs114208229	1	3743186	3826622	3743186	3826622
mh01KK-001	.	1	3743150	3826586	0	0
mh01KK-117	rs17413714	1	204633340	204664212	204633340	204664212
mh01KK-117	rs2772234	1	204633397	204664269	204633397	204664269
mh01KK-117	rs1610401	1	204633500	204664372	204633500	204664372
mh01KK-117	rs1610400	1	204633526	204664398	204633526	204664398
mh01KK-117	.	1	204633462	204664334	0	0
mh01KK-172	rs3128342	1	1486834	1551454	1486834	1551454
mh01KK-172	rs3766176	1	1486903	1551523	1486903	1551523
mh01KK-172	rs1887284	1	1487059	1551679	1487059	1551679
mh01KK-172	rs115309688	1	1486880	1551500	1486880	1551500
mh01KK-172	rs3766175	1	1486939	1551559	1486939	1551559
mh01KK-172	rs74511912	1	1487043	1551663	1487043	1551663
mh01KK-172	.	1	1486946	1551566	0	0
mh01KK-205	rs11810587	1	18722692	18396198	18722692	18396198
mh01KK-205	rs1336130	1	18722713	18396219	18722713	18396219
mh01KK-205	rs1533623	1	18722801	18396307	18722801	18396307
mh01KK-205	rs1533622	1	18722846	18396352	18722846	18396352
mh01KK-205	rs1336131	1	18722737	18396243	18722737	18396243
mh01KK-205	rs56176731	1	18722933	18396439	18722933	18396439
mh01KK-205	rs138362286	1	18722871	18396377	18722871	18396377
mh01KK-205	.	1	18722730	18396236	0	0
mh01KK-212	rs16850184	1	202616547	202647419	202616547	202647419
mh01KK-212	rs57658975	1	202616589	202647461	202616589	202647461
mh01KK-212	rs58023111	1	202616637	202647509	202616637	202647509
mh01KK-212	rs59815839	1	202616676	202647548	202616676	202647548
mh01KK-212	rs58060874	1	202616687	202647559	202616687	202647559
mh01KK-212	rs12121078	1	202616789	202647661	202616789	202647661
mh01KK-212	rs11589785	1	202616616	202647488	202616616	202647488
mh01KK-212	rs114630930	1	202616698	202647570	202616698	202647570
mh01KK-212	rs186753019	1	202616580	202647452	202616580	202647452
mh01KK-212	rs72750624	1	202616590	202647462	202616590	202647462
mh01KK-212	rs114711668	1	202616597	202647469	202616597	202647469
mh01KK-213	rs79793450	1	232811740	232675994	232811740	232675994
mh01KK-213	rs7521883	1	232811769	232676023	232811769	232676023
mh01KK-213	rs9424470	1	232811821	232676075	232811821	232676075
mh01KK-213	rs12118941	1	232811909	232676163	232811909	232676163
mh01KK-213	rs77211663	1	232811928	232676182	232811928	232676182
mh01KK-213	rs6424246	1	232811780	232676034	232811780	232676034
mh01KK-213	rs75030648	1	232811797	232676051	232811797	232676051
mh01KK-213	rs186507293	1	232811847	232676101	232811847	232676101
mh01KK-213	rs12120379	1	232811955	232676209	232811955	232676209
mh01KK-213	.	1	232811927	232676181	0	0
mh01NK-001	rs2479135	1	230820351	230684605	230820351	230684605
mh01NK-001	rs2296796	1	230820578	230684832	230820578	230684832
mh01NK-001	rs2296797	1	230820605	230684859	230820605	230684859
mh01NK-001	rs2296798	1	230820630	230684884	230820630	230684884
mh02KK-013	rs7584136	2	105833093	105216636	105833093	105216636
mh02KK-013	rs35414072	2	105833128	105216671	105833128	105216671
mh02KK-013	rs34544149	2	105833193	105216736	105833193	105216736
mh02KK-013	rs1978821	2	105833235	105216778	105833235	105216778
mh02KK-013	rs1978820	2	105833251	105216794	105833251	105216794
mh02KK-013	rs114422847	2	105833031	105216574	105833031	105216574
mh02KK-013	rs147490454	2	105833083	105216626	105833083	105216626
mh02KK-014	rs6730730	2	228524110	227659394	228524110	227659394
mh02KK-014	rs72961055	2	228524141	227659425	228524141	227659425
mh02KK-014	rs58129342	2	228524165	227659449	228524165	227659449
mh02KK-014	rs4332915	2	228524179	227659463	228524179	227659463
mh02KK-014	rs4321359	2	228524310	227659594	228524310	227659594
mh02KK-014	rs4270334	2	228524087	227659371	228524087	227659371
mh02KK-014	rs4580373	2	228524254	227659538	228524254	227659538
mh02KK-014	rs60403543	2	228524154	227659438	228524154	227659438
mh02KK-014	rs77155305	2	228524177	227659461	228524177	227659461
mh02KK-014	rs182570717	2	228524166	227659450	228524166	227659450
mh02KK-014	rs73084811	2	228524072	227659356	228524072	227659356
mh02KK-014	rs78561058	2	228524094	227659378	228524094	227659378
mh02KK-014	.	2	228524162	227659446	0	0
mh02KK-015	rs3791372	2	240004807	239083111	240004807	239083111
mh02KK-015	rs3791373	2	240004838	239083142	240004838	239083142
mh02KK-015	rs3791374	2	240004891	239083195	240004891	239083195
mh02KK-015	rs3791375	2	240004900	239083204	240004900	239083204
mh02KK-015	rs28404128	2	240004961	239083265	240004961	239083265
mh02KK-015	rs112145050	2	240004924	239083228	240004924	239083228
mh02KK-015	rs140587940	2	240004993	239083297	240004993	239083297
mh02KK-015	rs74566136	2	240004922	239083226	240004922	239083226
mh02KK-015	rs75104001	2	240004773	239083077	240004773	239083077
mh02KK-015	.	2	240004923	239083227	0	0
mh02KK-022	rs13021132	2	3172438	3168667	3172438	3168667
mh02KK-022	rs10495516	2	3172635	3168864	3172635	3168864
mh02KK-022	rs10495515	2	3172653	3168882	3172653	3168882
mh02KK-022	rs62123466	2	3172686	3168915	3172686	3168915
mh02KK-022	rs74618846	2	3172597	3168826	3172597	3168826
mh02KK-022	rs79989676	2	3172539	3168768	3172539	3168768
mh02KK-029	rs77788766	2	69138958	68911826	69138958	68911826
mh02KK-029	rs6726044	2	69138992	68911860	69138992	68911860
mh02KK-029	rs10191936	2	69139026	68911894	69139026	68911894
mh02KK-029	rs12999343	2	69139137	68912005	69139137	68912005
mh02KK-029	rs114774962	2	69139167	68912035	69139167	68912035
mh02KK-029	rs115054914	2	69139150	68912018	69139150	68912018
mh02KK-029	rs72905669	2	69139157	68912025	69139157	68912025
mh02KK-029	rs78044414	2	69139155	68912023	69139155	68912023
mh02KK-029	rs372620871	2	69138986	68911854	69138986	68911854
mh02KK-029	rs191237929	2	69138982	68911850	69138982	68911850
mh02KK-029	.	2	69138957	68911825	0	0
mh02KK-029	.	2	69139185	68912053	0	0
mh02KK-029	.	2	69138983	68911851	0	0
mh02KK-031	rs6740521	2	123395825	122638249	123395825	122638249
mh02KK-031	rs13400652	2	123395877	122638301	123395877	122638301
mh02KK-031	rs13400673	2	123395921	122638345	123395921	122638345
mh02KK-031	rs7575942	2	123396005	122638429	123396005	122638429
mh02KK-031	.	2	123395981	122638405	0	0
mh02KK-134	rs12469721	2	161079411	160222900	161079411	160222900
mh02KK-134	rs3101043	2	161079435	160222924	161079435	160222924
mh02KK-134	rs3111398	2	161079450	160222939	161079450	160222939
mh02KK-134	rs72623112	2	161079514	160223003	161079514	160223003
mh02KK-134	rs190062220	2	161079456	160222945	161079456	160222945
mh02KK-134	.	2	161079498	160222987	0	0
mh02KK-136	rs6714835	2	228092389	227227673	228092389	227227673
mh02KK-136	rs6756898	2	228092406	227227690	228092406	227227690
mh02KK-136	rs12617010	2	228092459	227227743	228092459	227227743
mh02KK-136	rs6728149	2	228092334	227227618	228092334	227227618
mh02KK-136	rs184900040	2	228092351	227227635	228092351	227227635
mh02KK-138	rs4953292	2	46191983	45964844	46191983	45964844
mh02KK-138	rs2595202	2	46192017	45964878	46192017	45964878
mh02KK-138	rs6759301	2	46192078	45964939	46192078	45964939
mh02KK-138	rs59298278	2	46192092	45964953	46192092	45964953
mh02KK-138	rs2595203	2	46192191	45965052	46192191	45965052
mh02KK-138	rs6715568	2	46192231	45965092	46192231	45965092
mh02KK-138	.	2	46191988	45964849	0	0
mh03KK-016	rs9310445	3	14377469	14335969	14377469	14335969
mh03KK-016	rs9867515	3	14377500	14336000	14377500	14336000
mh03KK-016	rs9867516	3	14377505	14336005	14377505	14336005
mh03KK-016	rs874969	3	14377609	14336109	14377609	14336109
mh03KK-016	rs874967	3	14377632	14336132	14377632	14336132
mh03KK-016	rs9310444	3	14377443	14335943	14377443	14335943
mh03KK-016	rs367833150	3	14377432	14335932	14377432	14335932
mh03KK-016	rs375235722	3	14377510	14336010	14377510	14336010
mh03KK-016	rs13082821	3	14377589	14336089	14377589	14336089
mh03KK-017	rs267527	3	37516083	37474592	37516083	37474592
mh03KK-017	rs267526	3	37516136	37474645	37516136	37474645
mh03KK-017	rs2162683	3	37516184	37474693	37516184	37474693
mh03KK-017	rs197766	3	37516206	37474715	37516206	37474715
mh03KK-017	rs35590538	3	37516034	37474543	37516034	37474543
mh03KK-017	rs140794158	3	37516028	37474537	37516028	37474537
mh03KK-017	rs150108526	3	37516078	37474587	37516078	37474587
mh03KK-017	.	3	37516042	37474551	0	0
mh03KK-018	rs6806321	3	117156240	117437393	117156240	117437393
mh03KK-018	rs9870146	3	117156255	117437408	117156255	117437408
mh03KK-018	rs3971402	3	117156294	117437447	117156294	117437447
mh03KK-018	rs6770710	3	117156402	117437555	117156402	117437555
mh03KK-018	rs3971401	3	117156432	117437585	117156432	117437585
mh03KK-018	rs12695349	3	117156463	117437616	117156463	117437616
mh03KK-018	rs9832546	3	117156384	117437537	117156384	117437537
mh03KK-018	rs77141935	3	117156293	117437446	117156293	117437446
mh03KK-018	rs116231064	3	117156327	117437480	117156327	117437480
mh03KK-018	.	3	117156290	117437443	0	0
mh03KK-047	rs6441891	3	45166223	45124731	45166223	45124731
mh03KK-047	rs59145932	3	45166253	45124761	45166253	45124761
mh03KK-047	rs7612333	3	45166285	45124793	45166285	45124793
mh03KK-047	rs34703630	3	45166416	45124924	45166416	45124924
mh03KK-047	rs189841224	3	45166460	45124968	45166460	45124968
mh03KK-047	.	3	45166288	45124796	0	0
mh03KK-150	rs1225051	3	131645972	131927128	131645972	131927128
mh03KK-150	rs1225050	3	131646001	131927157	131646001	131927157
mh03KK-150	rs1225049	3	131646087	131927243	131646087	131927243
mh03KK-150	rs1225048	3	131646156	131927312	131646156	131927312
mh04KK-010	rs3135123	4	1986938	1985211	1986938	1985211
mh04KK-010	rs495367	4	1986972	1985245	1986972	1985245
mh04KK-010	rs376745306	4	1986750	1985023	1986750	1985023
mh04KK-010	rs185470596	4	1986853	1985126	1986853	1985126
mh04KK-013	rs13131164	4	68444102	67578384	68444102	67578384
mh04KK-013	rs3775866	4	68444180	67578462	68444180	67578462
mh04KK-013	rs11725922	4	68444192	67578474	68444192	67578474
mh04KK-013	rs3775867	4	68444257	67578539	68444257	67578539
mh04KK-013	rs17088476	4	68444302	67578584	68444302	67578584
mh04KK-013	rs73829227	4	68444231	67578513	68444231	67578513
mh04KK-013	.	4	68444175	67578457	0	0
mh04KK-030	rs16844737	4	3666370	3664643	3666370	3664643
mh04KK-030	rs4916615	4	3666403	3664676	3666403	3664676
mh04KK-030	rs1884412	4	3666471	3664744	3666471	3664744
mh04KK-030	rs1884411	4	3666484	3664757	3666484	3664757
mh04KK-030	rs58827274	4	3666494	3664767	3666494	3664767
mh04KK-030	rs148696985	4	3666211	3664484	3666211	3664484
mh04KK-030	.	4	3666286	3664559	0	0
mh05KK-020	rs617938	5	38881460	38881358	38881460	38881358
mh05KK-020	rs2278325	5	38881538	38881436	38881538	38881436
mh05KK-020	rs2278324	5	38881603	38881501	38881603	38881501
mh05KK-020	rs525735	5	38881628	38881526	38881628	38881526
mh05KK-020	rs74924445	5	38881636	38881534	38881636	38881534
mh05KK-020	rs80052994	5	38881438	38881336	38881438	38881336
mh05KK-169	rs260410	5	1898501	1898387	1898501	1898387
mh05KK-169	rs62335822	5	1898598	1898484	1898598	1898484
mh05KK-169	rs10428542	5	1898614	1898500	1898614	1898500
mh05KK-169	rs10428597	5	1898679	1898565	1898679	1898565
mh05KK-169	rs62335823	5	1898603	1898489	1898603	1898489
mh05KK-169	rs116092316	5	1898610	1898496	1898610	1898496
mh05KK-170	rs74865590	5	2448024	2447910	2448024	2447910
mh05KK-170	rs438055	5	2448052	2447938	2448052	2447938
mh05KK-170	rs370672	5	2448146	2448032	2448146	2448032
mh05KK-170	rs6555108	5	2448160	2448046	2448160	2448046
mh05KK-170	rs436910	5	2447928	2447814	2447928	2447814
mh05KK-170	rs79374881	5	2447938	2447824	2447938	2447824
mh05KK-170	rs80244780	5	2448006	2447892	2448006	2447892
mh05KK-170	rs143205094	5	2448165	2448051	2448165	2448051
mh05KK-170	rs58296930	5	2447946	2447832	2447946	2447832
mh05KK-170	rs199671779	5	2447936	2447822	2447936	2447822
mh05KK-170	rs143851316	5	2447924	2447810	2447924	2447810
mh05KK-170	rs116278333	5	2447910	2447796	2447910	2447796
mh05KK-170	.	5	2447984	2447870	0	0
mh05KK-178	rs35138278	5	67309764	68013936	67309764	68013936
mh05KK-178	rs282290	5	67309775	68013947	67309775	68013947
mh05KK-178	rs282291	5	67309926	68014098	67309926	68014098
mh05KK-178	rs1437125	5	67309933	68014105	67309933	68014105
mh05KK-178	rs75963146	5	67309818	68013990	67309818	68013990
mh05KK-178	rs116644437	5	67309994	68014166	67309994	68014166
mh05KK-178	rs115575506	5	67309802	68013974	67309802	68013974
mh05KK-178	.	5	67309820	68013992	0	0
mh06KK-008	rs6930377	6	169656029	169255934	169656029	169255934
mh06KK-008	rs6921774	6	169656079	169255984	169656079	169255984
mh06KK-008	rs6605524	6	169656120	169256025	169656120	169256025
mh06KK-008	rs6605523	6	169656248	169256153	169656248	169256153
mh06KK-008	rs6422749	6	169656144	169256049	169656144	169256049
mh06KK-008	rs55995725	6	169656271	169256176	169656271	169256176
mh06KK-008	rs115242802	6	169656173	169256078	169656173	169256078
mh06KK-008	rs113888184	6	169656303	169256208	169656303	169256208
mh06KK-008	rs147272602	6	169656293	169256198	169656293	169256198
mh06KK-008	.	6	169656141	169256046	0	0
mh06KK-008	.	6	169656291	169256196	0	0
mh06KK-008	.	6	169656216	169256121	0	0
mh06KK-090	rs2256539	6	29937740	29969963	29937740	29969963
mh06KK-090	rs2256543	6	29937833	29970056	29937833	29970056
mh06KK-090	rs3202637	6	29937896	29970119	29937896	29970119
mh06KK-090	rs1061535	6	29937924	29970147	29937924	29970147
mh06KK-090	rs6911940	6	29937790	29970013	29937790	29970013
mh06KK-090	rs1061537	6	29937795	29970018	29937795	29970018
mh06KK-090	rs1061536	6	29937826	29970049	29937826	29970049
mh06KK-090	rs2523972	6	29937784	29970007	29937784	29970007
mh06KK-090	rs9260770	6	29937721	29969944	29937721	29969944
mh06KK-090	rs4713276	6	29937794	29970017	29937794	29970017
mh06KK-090	rs6939037	6	29937971	29970194	29937971	29970194
mh06KK-090	rs113213828	6	29937692	29969915	29937692	29969915
mh06KK-104	rs16897782	6	165798851	165385362	165798851	165385362
mh06KK-104	rs220807	6	165798894	165385405	165798894	165385405
mh06KK-104	rs9457084	6	165798963	165385474	165798963	165385474
mh06KK-104	rs220806	6	165799038	165385549	165799038	165385549
mh06KK-104	rs375807743	6	165798940	165385451	165798940	165385451
mh07KK-009	rs13244868	7	18861121	18821498	18861121	18821498
mh07KK-009	rs2520361	7	18861140	18821517	18861140	18821517
mh07KK-009	rs2588633	7	18861147	18821524	18861147	18821524
mh07KK-009	rs28636374	7	18861219	18821596	18861219	18821596
mh07KK-009	rs28712504	7	18861265	18821642	18861265	18821642
mh07KK-009	rs28401174	7	18861138	18821515	18861138	18821515
mh07KK-009	rs148036593	7	18861199	18821576	18861199	18821576
mh07KK-009	rs28465160	7	18861181	18821558	18861181	18821558
mh07KK-009	rs375413102	7	18861238	18821615	18861238	18821615
mh07KK-009	rs115971745	7	18861169	18821546	18861169	18821546
mh07KK-009	rs189222341	7	18861172	18821549	18861172	18821549
mh07KK-009	.	7	18861174	18821551	0	0
mh07KK-009	.	7	18861190	18821567	0	0
mh08KK-039	rs1905100	8	3516792	3659270	3516792	3659270
mh08KK-039	rs10503214	8	3516836	3659314	3516836	3659314
mh08KK-039	rs7822812	8	3516874	3659352	3516874	3659352
mh08KK-039	rs922794	8	3516984	3659462	3516984	3659462
mh08KK-039	rs7838695	8	3517004	3659482	3517004	3659482
mh08KK-039	rs7839517	8	3516888	3659366	3516888	3659366
mh08KK-039	rs74752104	8	3516797	3659275	3516797	3659275
mh08KK-039	rs60536879	8	3516901	3659379	3516901	3659379
mh08KK-039	.	8	3516853	3659331	0	0
mh08KK-131	rs11782143	8	5461409	5603887	5461409	5603887
mh08KK-131	rs11136908	8	5461507	5603985	5461507	5603985
mh08KK-131	rs67207258	8	5461517	5603995	5461517	5603995
mh08KK-131	rs11136909	8	5461542	5604020	5461542	5604020
mh08KK-131	rs11775090	8	5461482	5603960	5461482	5603960
mh08KK-131	rs72624088	8	5461562	5604040	5461562	5604040
mh08KK-131	rs140864246	8	5461418	5603896	5461418	5603896
mh08KK-131	rs117526954	8	5461574	5604052	5461574	5604052
mh08KK-131	rs190035804	8	5461414	5603892	5461414	5603892
mh08KK-131	rs150466498	8	5461520	5603998	5461520	5603998
mh08KK-131	.	8	5461399	5603877	0	0
mh08KK-131	.	8	5461616	5604094	0	0
mh08KK-131	.	8	5461619	5604097	0	0
mh08KK-131	.	8	5461625	5604103	0	0
mh08KK-137	rs35052638	8	31083232	31225716	31083232	31225716
mh08KK-137	rs58875218	8	31083308	31225792	31083308	31225792
mh08KK-137	rs59644946	8	31083330	31225814	31083330	31225814
mh08KK-137	rs62506141	8	31083414	31225898	31083414	31225898
mh08KK-137	rs73232805	8	31083266	31225750	31083266	31225750
mh08KK-137	rs62506140	8	31083337	31225821	31083337	31225821
mh08KK-137	rs113565897	8	31083381	31225865	31083381	31225865
mh08KK-137	rs184519930	8	31083426	31225910	31083426	31225910
mh08KK-137	.	8	31083309	31225793	0	0
mh09KK-010	rs1408328	9	2288588	2288588	2288588	2288588
mh09KK-010	rs1535837	9	2288633	2288633	2288633	2288633
mh09KK-010	rs12555748	9	2288700	2288700	2288700	2288700
mh09KK-010	rs1535838	9	2288710	2288710	2288710	2288710
mh09KK-010	rs1408330	9	2288718	2288718	2288718	2288718
mh09KK-010	rs1408329	9	2288647	2288647	2288647	2288647
mh09KK-010	rs11789647	9	2288677	2288677	2288677	2288677
mh09KK-010	rs114987572	9	2288476	2288476	2288476	2288476
mh09KK-010	rs189134433	9	2288739	2288739	2288739	2288739
mh09KK-010	.	9	2288559	2288559	0	0
mh09KK-145	rs409950	9	4763368	4763368	4763368	4763368
mh09KK-145	rs12003360	9	4763473	4763473	4763473	4763473
mh09KK-145	rs12005199	9	4763491	4763491	4763491	4763491
mh09KK-145	rs7849565	9	4763526	4763526	4763526	4763526
mh09KK-145	rs10815071	9	4763484	4763484	4763484	4763484
mh09KK-145	rs73401750	9	4763342	4763342	4763342	4763342
mh09KK-145	rs59428916	9	4763309	4763309	4763309	4763309
mh09KK-145	rs181550768	9	4763343	4763343	4763343	4763343
mh09KK-153	rs10125791	9	103969740	101207458	103969740	101207458
mh09KK-153	rs2987741	9	103969775	101207493	103969775	101207493
mh09KK-153	rs7047561	9	103969852	101207570	103969852	101207570
mh09KK-153	rs1156731	9	103969888	101207606	103969888	101207606
mh09KK-153	rs62576887	9	103969642	101207360	103969642	101207360
mh09KK-153	.	9	103969712	101207430	0	0
mh09KK-157	rs606141	9	135862479	132987092	135862479	132987092
mh09KK-157	rs8193001	9	135862495	132987108	135862495	132987108
mh09KK-157	rs56256724	9	135862563	132987176	135862563	132987176
mh09KK-157	rs2073578	9	135862592	132987205	135862592	132987205
mh09KK-157	rs633153	9	135862632	132987245	135862632	132987245
mh09KK-157	rs370406708	9	135862478	132987091	135862478	132987091
mh09KK-157	.	9	135862508	132987121	0	0
mh09KK-161	rs7045710	9	344087	344087	344087	344087
mh09KK-161	rs4741822	9	344100	344100	344100	344100
mh09KK-161	rs4741823	9	344229	344229	344229	344229
mh09KK-161	rs16932430	9	344332	344332	344332	344332
mh09KK-161	rs76724192	9	344127	344127	344127	344127
mh09KK-161	rs57160652	9	344096	344096	344096	344096
mh09KK-161	rs75177501	9	344375	344375	344375	344375
mh09KK-161	rs184018458	9	344326	344326	344326	344326
mh09KK-161	.	9	344238	344238	0	0
mh10KK-162	rs9423462	10	3160726	3118534	3160726	3118534
mh10KK-162	rs4881098	10	3160847	3118655	3160847	3118655
mh10KK-162	rs3829911	10	3160904	3118712	3160904	3118712
mh10KK-162	rs3829913	10	3160917	3118725	3160917	3118725
mh10KK-162	rs79563339	10	3160652	3118460	3160652	3118460
mh10KK-162	rs9423463	10	3160775	3118583	3160775	3118583
mh10KK-162	rs3829912	10	3160913	3118721	3160913	3118721
mh10KK-162	rs112639679	10	3160857	3118665	3160857	3118665
mh10KK-162	rs12777199	10	3160772	3118580	3160772	3118580
mh10KK-162	.	10	3160661	3118469	0	0
mh10KK-162	.	10	3160778	3118586	0	0
mh10KK-162	.	10	3160856	3118664	0	0
mh10KK-167	rs45594139	10	12545332	12503333	12545332	12503333
mh10KK-167	rs1111062	10	12545370	12503371	12545370	12503371
mh10KK-167	rs1111063	10	12545384	12503385	12545384	12503385
mh10KK-167	rs2815662	10	12545544	12503545	12545544	12503545
mh10KK-167	rs2815663	10	12545501	12503502	12545501	12503502
mh10KK-167	rs146279227	10	12545553	12503554	12545553	12503554
mh10KK-167	rs370497100	10	12545407	12503408	12545407	12503408
mh10KK-167	.	10	12545471	12503472	0	0
mh10KK-170	rs2250841	10	78910042	77150284	78910042	77150284
mh10KK-170	rs2250840	10	78910074	77150316	78910074	77150316
mh10KK-170	rs12359688	10	78910231	77150473	78910231	77150473
mh10KK-170	.	10	78910043	77150285	0	0
mh10KK-170	.	10	78910075	77150317	0	0
mh11KK-180	rs12802112	11	1690791	1669561	1690791	1669561
mh11KK-180	rs28631755	11	1690911	1669681	1690911	1669681
mh11KK-180	rs7112918	11	1690969	1669739	1690969	1669739
mh11KK-180	rs4752777	11	1690984	1669754	1690984	1669754
mh11KK-180	rs12360952	11	1690887	1669657	1690887	1669657
mh11KK-180	rs4752778	11	1690950	1669720	1690950	1669720
mh11KK-180	rs7109697	11	1690725	1669495	1690725	1669495
mh11KK-180	rs7105950	11	1690825	1669595	1690825	1669595
mh11KK-180	rs74047734	11	1690962	1669732	1690962	1669732
mh11KK-180	rs113739994	11	1690770	1669540	1690770	1669540
mh11KK-181	rs3852525	11	2819194	2797964	2819194	2797964
mh11KK-181	rs233440	11	2819227	2797997	2819227	2797997
mh11KK-181	rs78013	11	2819259	2798029	2819259	2798029
mh11KK-181	rs163173	11	2819282	2798052	2819282	2798052
mh11KK-181	rs116463395	11	2819295	2798065	2819295	2798065
mh11KK-181	rs372212221	11	2819193	2797963	2819193	2797963
mh11KK-181	.	11	2819175	2797945	0	0
mh11KK-183	rs4757879	11	20020097	19998551	20020097	19998551
mh11KK-183	rs2403552	11	20020166	19998620	20020166	19998620
mh11KK-183	rs11025352	11	20020251	19998705	20020251	19998705
mh11KK-183	rs2896591	11	20020258	19998712	20020258	19998712
mh11KK-183	rs112906811	11	20020228	19998682	20020228	19998682
mh11KK-183	rs56114506	11	20020094	19998548	20020094	19998548
mh11KK-183	rs139023539	11	20020187	19998641	20020187	19998641
mh11KK-183	.	11	20020176	19998630	0	0
mh11KK-183	.	11	20020192	19998646	0	0
mh11KK-190	rs1426651	11	97176319	97305319	97176319	97305319
mh11KK-190	rs56058681	11	97176369	97305369	97176369	97305369
mh11KK-190	rs7936934	11	97176479	97305479	97176479	97305479
mh11KK-190	rs61894297	11	97176482	97305482	97176482	97305482
mh11KK-190	rs72968980	11	97176507	97305507	97176507	97305507
mh11KK-190	rs114239369	11	97176449	97305449	97176449	97305449
mh11KK-190	rs149859006	11	97176542	97305542	97176542	97305542
mh11KK-191	rs12421109	11	99880163	100009431	99880163	100009431
mh11KK-191	rs12289401	11	99880224	100009492	99880224	100009492
mh11KK-191	rs12420819	11	99880282	100009550	99880282	100009550
mh11KK-191	rs770566	11	99880352	100009620	99880352	100009620
mh11KK-191	rs11222337	11	99880341	100009609	99880341	100009609
mh11KK-191	.	11	99880334	100009602	0	0
mh12KK-046	rs1503767	12	118889488	118451683	118889488	118451683
mh12KK-046	rs11068953	12	118889559	118451754	118889559	118451754
mh12KK-046	rs3903095	12	118889776	118451971	118889776	118451971
mh12KK-046	rs139873540	12	118889568	118451763	118889568	118451763
mh12KK-046	rs75554846	12	118889528	118451723	118889528	118451723
mh12KK-046	.	12	118889681	118451876	0	0
mh12KK-199	rs17819677	12	12229786	12076852	12229786	12076852
mh12KK-199	rs1641719	12	12229849	12076915	12229849	12076915
mh12KK-199	rs1641720	12	12229850	12076916	12229850	12076916
mh12KK-199	rs6488494	12	12229952	12077018	12229952	12077018
mh12KK-199	rs139574449	12	12229886	12076952	12229886	12076952
mh12KK-201	rs11049080	12	27800327	27647394	27800327	27647394
mh12KK-201	rs73084354	12	27800404	27647471	27800404	27647471
mh12KK-201	rs7959164	12	27800446	27647513	27800446	27647513
mh12KK-201	rs7959186	12	27800503	27647570	27800503	27647570
mh12KK-201	rs7972446	12	27800348	27647415	27800348	27647415
mh12KK-201	rs7138224	12	27800374	27647441	27800374	27647441
mh12KK-201	rs7959051	12	27800386	27647453	27800386	27647453
mh12KK-201	rs11049081	12	27800334	27647401	27800334	27647401
mh12KK-201	rs11834107	12	27800353	27647420	27800353	27647420
mh12KK-201	rs73084353	12	27800402	27647469	27800402	27647469
mh12KK-201	rs140345281	12	27800382	27647449	27800382	27647449
mh12KK-201	rs145035089	12	27800421	27647488	27800421	27647488
mh12KK-202	rs10506052	12	30170229	30017296	30170229	30017296
mh12KK-202	rs4931233	12	30170306	30017373	30170306	30017373
mh12KK-202	rs10506053	12	30170359	30017426	30170359	30017426
mh12KK-202	rs4931234	12	30170382	30017449	30170382	30017449
mh12KK-202	rs116560588	12	30170334	30017401	30170334	30017401
mh12KK-209	rs764902	12	130308483	129823938	130308483	129823938
mh12KK-209	rs79004033	12	130308529	129823984	130308529	129823984
mh12KK-209	rs5012151	12	130308630	129824085	130308630	129824085
mh12KK-209	rs2173910	12	130308673	129824128	130308673	129824128
mh12KK-209	rs5012152	12	130308640	129824095	130308640	129824095
mh12KK-209	rs147809360	12	130308528	129823983	130308528	129823983
mh12KK-209	rs113507589	12	130308491	129823946	130308491	129823946
mh13KK-213	rs8181845	13	23765541	23191402	23765541	23191402
mh13KK-213	rs679482	13	23765635	23191496	23765635	23191496
mh13KK-213	rs9510616	13	23765681	23191542	23765681	23191542
mh13KK-213	rs8181836	13	23765546	23191407	23765546	23191407
mh13KK-213	rs2152727	13	23765601	23191462	23765601	23191462
mh13KK-213	rs186130261	13	23765409	23191270	23765409	23191270
mh13KK-213	.	13	23765421	23191282	0	0
mh13KK-213	.	13	23765535	23191396	0	0
mh13KK-215	rs1539549	13	36451881	35877744	36451881	35877744
mh13KK-215	rs4146589	13	36451930	35877793	36451930	35877793
mh13KK-215	rs1539548	13	36451936	35877799	36451936	35877799
mh13KK-215	rs1750921	13	36452069	35877932	36452069	35877932
mh13KK-215	rs1539547	13	36452098	35877961	36452098	35877961
mh13KK-215	.	13	36451919	35877782	0	0
mh13KK-215	.	13	36452014	35877877	0	0
mh13KK-215	.	13	36452056	35877919	0	0
mh13KK-217	rs7320507	13	46865930	46291795	46865930	46291795
mh13KK-217	rs9562648	13	46865970	46291835	46865970	46291835
mh13KK-217	rs9562649	13	46866084	46291949	46866084	46291949
mh13KK-217	rs2765614	13	46866122	46291987	46866122	46291987
mh13KK-217	rs9534373	13	46866059	46291924	46866059	46291924
mh13KK-217	rs76839632	13	46865888	46291753	46865888	46291753
mh13KK-217	rs2764588	13	46866020	46291885	46866020	46291885
mh13KK-218	rs9536428	13	54060720	53486585	54060720	53486585
mh13KK-218	rs1927847	13	54060827	53486692	54060827	53486692
mh13KK-218	rs9536429	13	54060881	53486746	54060881	53486746
mh13KK-218	rs7492234	13	54060892	53486757	54060892	53486757
mh13KK-218	rs9536430	13	54060972	53486837	54060972	53486837
mh13KK-218	.	13	54060710	53486575	0	0
mh13KK-218	.	13	54060820	53486685	0	0
mh13KK-221	rs112552144	13	101759198	101106847	101759198	101106847
mh13KK-221	rs608555	13	101759217	101106866	101759217	101106866
mh13KK-221	rs11843065	13	101759287	101106936	101759287	101106936
mh13KK-221	rs9300648	13	101759340	101106989	101759340	101106989
mh13KK-221	rs61973993	13	101759088	101106737	101759088	101106737
mh13KK-221	rs602728	13	101759119	101106768	101759119	101106768
mh13KK-221	rs7993431	13	101759165	101106814	101759165	101106814
mh13KK-221	rs113732191	13	101759143	101106792	101759143	101106792
mh13KK-221	rs114169269	13	101759205	101106854	101759205	101106854
mh13KK-221	rs9557588	13	101759144	101106793	101759144	101106793
mh13KK-221	rs114345885	13	101759330	101106979	101759330	101106979
mh13KK-221	.	13	101759111	101106760	0	0
mh13KK-222	rs2248394	13	106642687	105990338	106642687	105990338
mh13KK-222	rs2248391	13	106642741	105990392	106642741	105990392
mh13KK-222	rs2248388	13	106642810	105990461	106642810	105990461
mh13KK-222	rs2391263	13	106642880	105990531	106642880	105990531
mh13KK-222	rs61972611	13	106642794	105990445	106642794	105990445
mh13KK-222	rs2476747	13	106642895	105990546	106642895	105990546
mh13KK-222	rs9583061	13	106642766	105990417	106642766	105990417
mh13KK-222	rs79323262	13	106642815	105990466	106642815	105990466
mh13KK-222	rs180754893	13	106642744	105990395	106642744	105990395
mh13KK-222	.	13	106642725	105990376	0	0
mh13KK-223	rs1192204	13	110806699	110154352	110806699	110154352
mh13KK-223	rs1192205	13	110806742	110154395	110806742	110154395
mh13KK-223	rs3825483	13	110806759	110154412	110806759	110154412
mh13KK-223	rs3825481	13	110806852	110154505	110806852	110154505
mh13KK-223	rs1192203	13	110806689	110154342	110806689	110154342
mh13KK-223	rs3825482	13	110806789	110154442	110806789	110154442
mh13KK-223	rs115278730	13	110806786	110154439	110806786	110154439
mh13KK-223	.	13	110806833	110154486	0	0
mh13KK-225	rs4884651	13	66712732	66138600	66712732	66138600
mh13KK-225	rs9529023	13	66712790	66138658	66712790	66138658
mh13KK-225	rs7329287	13	66712828	66138696	66712828	66138696
mh13KK-225	rs4884652	13	66712815	66138683	66712815	66138683
mh13KK-225	rs115260715	13	66712751	66138619	66712751	66138619
mh14KK-048	rs12717560	14	74250557	73783854	74250557	73783854
mh14KK-048	rs12878166	14	74250715	73784012	74250715	73784012
mh14KK-048	rs12879393	14	74250730	73784027	74250730	73784027
mh14KK-048	rs149195448	14	74250553	73783850	74250553	73783850
mh14KK-227	rs1953862	14	52334089	51867371	52334089	51867371
mh14KK-227	rs57928440	14	52334164	51867446	52334164	51867446
mh14KK-227	rs12885784	14	52334203	51867485	52334203	51867485
mh14KK-227	rs17124680	14	52334242	51867524	52334242	51867524
mh14KK-227	rs114965032	14	52334225	51867507	52334225	51867507
mh14KK-227	rs146988848	14	52334254	51867536	52334254	51867536
mh14KK-227	rs148884074	14	52334233	51867515	52334233	51867515
mh14KK-227	.	14	52334281	51867563	0	0
mh14KK-227	.	14	52334303	51867585	0	0
mh15KK-066	rs1063902	15	52484950	52192753	52484950	52192753
mh15KK-066	rs4219	15	52485024	52192827	52485024	52192827
mh15KK-066	rs1077383	15	52484841	52192644	52484841	52192644
mh15KK-066	rs147715323	15	52484831	52192634	52484831	52192634
mh15KK-066	rs183816954	15	52484871	52192674	52484871	52192674
mh15KK-066	rs148957716	15	52485089	52192892	52485089	52192892
mh15KK-067	rs701463	15	46870734	46578536	46870734	46578536
mh15KK-067	rs701464	15	46870855	46578657	46870855	46578657
mh15KK-067	rs7183984	15	46870829	46578631	46870829	46578631
mh15KK-067	rs79763993	15	46870730	46578532	46870730	46578532
mh15KK-067	.	15	46870925	46578727	0	0
mh16KK-011	rs390112	16	84285777	84252171	84285777	84252171
mh16KK-011	rs390379	16	84285828	84252222	84285828	84252222
mh16KK-011	rs422842	16	84285849	84252243	84285849	84252243
mh16KK-011	rs7190826	16	84285862	84252256	84285862	84252256
mh16KK-011	rs441199	16	84285924	84252318	84285924	84252318
mh16KK-011	rs426580	16	84285833	84252227	84285833	84252227
mh16KK-011	rs76460635	16	84285801	84252195	84285801	84252195
mh16KK-011	rs188060999	16	84285825	84252219	84285825	84252219
mh16KK-011	rs74957131	16	84285738	84252132	84285738	84252132
mh16KK-049	rs9937467	16	7209208	7159207	7209208	7159207
mh16KK-049	rs17670098	16	7209247	7159246	7209247	7159246
mh16KK-049	rs17670111	16	7209267	7159266	7209267	7159266
mh16KK-049	rs12929083	16	7209311	7159310	7209311	7159310
mh16KK-049	rs9926495	16	7209381	7159380	7209381	7159380
mh16KK-049	rs9937460	16	7209185	7159184	7209185	7159184
mh16KK-049	rs184573741	16	7209200	7159199	7209200	7159199
mh16KK-049	rs72765534	16	7209318	7159317	7209318	7159317
mh16KK-049	rs72765535	16	7209428	7159427	7209428	7159427
mh16KK-049	rs11642586	16	7209434	7159433	7209434	7159433
mh16KK-049	rs113511754	16	7209248	7159247	7209248	7159247
mh16KK-049	rs115605200	16	7209370	7159369	7209370	7159369
mh16KK-049	rs74009271	16	7209203	7159202	7209203	7159202
mh16KK-049	rs149818672	16	7209228	7159227	7209228	7159227
mh16KK-049	.	16	7209296	7159295	0	0
mh16KK-049	.	16	7209343	7159342	0	0
mh16KK-255	rs16956011	16	81970353	81936748	81970353	81936748
mh16KK-255	rs3934955	16	81970366	81936761	81970366	81936761
mh16KK-255	rs3934956	16	81970407	81936802	81970407	81936802
mh16KK-255	rs4073828	16	81970495	81936890	81970495	81936890
mh16KK-255	rs3934954	16	81970359	81936754	81970359	81936754
mh16KK-255	rs3934957	16	81970471	81936866	81970471	81936866
mh16KK-255	rs149471008	16	81970352	81936747	81970352	81936747
mh16KK-255	rs62044947	16	81970448	81936843	81970448	81936843
mh16KK-255	rs184092108	16	81970396	81936791	81970396	81936791
mh16KK-255	rs117206377	16	81970469	81936864	81970469	81936864
mh16KK-255	.	16	81970449	81936844	0	0
mh16KK-255	.	16	81970494	81936889	0	0
mh16KK-259	rs10163264	16	83973898	83940293	83973898	83940293
mh16KK-259	rs10163267	16	83973918	83940313	83973918	83940313
mh16KK-259	rs10163270	16	83973956	83940351	83973956	83940351
mh16KK-259	rs8058168	16	83974066	83940461	83974066	83940461
mh16KK-259	rs145717803	16	83973947	83940342	83973947	83940342
mh16KK-259	rs148944690	16	83974010	83940405	83974010	83940405
mh16KK-259	rs143423041	16	83973836	83940231	83973836	83940231
mh16KK-259	rs78983027	16	83973965	83940360	83973965	83940360
mh16KK-259	rs140436204	16	83973881	83940276	83973881	83940276
mh16KK-259	.	16	83973819	83940214	0	0
mh16KK-259	.	16	83973984	83940379	0	0
mh16KK-262	rs825589	16	87669371	87635765	87669371	87635765
mh16KK-262	rs825588	16	87669407	87635801	87669407	87635801
mh16KK-262	rs863752	16	87669535	87635929	87669535	87635929
mh16KK-262	rs861133	16	87669545	87635939	87669545	87635939
mh16KK-262	rs61069393	16	87669563	87635957	87669563	87635957
mh16KK-262	rs79458371	16	87669562	87635956	87669562	87635956
mh16KK-262	rs193263518	16	87669318	87635712	87669318	87635712
mh16KK-262	.	16	87669342	87635736	0	0
mh16KK-262	.	16	87669385	87635779	0	0
mh16KK-262	.	16	87669386	87635780	0	0
mh16KK-302	rs1395579	16	7587734	7537732	7587734	7537732
mh16KK-302	rs1395580	16	7587746	7537744	7587746	7537744
mh16KK-302	rs1395582	16	7587804	7537802	7587804	7537802
mh16KK-302	rs9939248	16	7587847	7537845	7587847	7537845
mh16KK-302	rs1507022	16	7587676	7537674	7587676	7537674
mh16KK-302	rs1395581	16	7587755	7537753	7587755	7537753
mh16KK-302	rs377520498	16	7587771	7537769	7587771	7537769
mh17KK-012	rs56342141	17	77141265	79145183	77141265	79145183
mh17KK-012	rs7211056	17	77141360	79145278	77141360	79145278
mh17KK-012	rs55949744	17	77141407	79145325	77141407	79145325
mh17KK-012	rs4789870	17	77141415	79145333	77141415	79145333
mh17KK-012	rs55877426	17	77141445	79145363	77141445	79145363
mh17KK-012	rs55714291	17	77141271	79145189	77141271	79145189
mh17KK-012	rs56069218	17	77141277	79145195	77141277	79145195
mh17KK-012	rs7211029	17	77141308	79145226	77141308	79145226
mh17KK-012	rs76332411	17	77141394	79145312	77141394	79145312
mh17KK-012	rs145799703	17	77141305	79145223	77141305	79145223
mh17KK-012	.	17	77141433	79145351	0	0
mh17KK-013	rs11651201	17	77276463	79280381	77276463	79280381
mh17KK-013	rs11651204	17	77276516	79280434	77276516	79280434
mh17KK-013	rs8074560	17	77276546	79280464	77276546	79280464
mh17KK-013	rs1563446	17	77276591	79280509	77276591	79280509
mh17KK-013	rs4465632	17	77276608	79280526	77276608	79280526
mh17KK-013	rs72848020	17	77276404	79280322	77276404	79280322
mh17KK-013	rs147699838	17	77276648	79280566	77276648	79280566
mh17KK-013	rs116177500	17	77276517	79280435	77276517	79280435
mh17KK-013	.	17	77276472	79280390	0	0
mh17KK-272	rs2934897	17	52942428	54865067	52942428	54865067
mh17KK-272	rs7207239	17	52942456	54865095	52942456	54865095
mh17KK-272	rs16955257	17	52942491	54865130	52942491	54865130
mh17KK-272	rs7212184	17	52942558	54865197	52942558	54865197
mh17KK-272	rs2934896	17	52942421	54865060	52942421	54865060
mh17KK-272	rs111774039	17	52942414	54865053	52942414	54865053
mh17KK-272	rs7207213	17	52942417	54865056	52942417	54865056
mh17KK-272	rs79327757	17	52942354	54864993	52942354	54864993
mh17KK-272	rs78871226	17	52942476	54865115	52942476	54865115
mh17KK-272	.	17	52942335	54864974	0	0
mh17KK-272	.	17	52942594	54865233	0	0
mh17KK-278	rs11150747	17	78761607	80787807	78761607	80787807
mh17KK-278	rs7225755	17	78761708	80787908	78761708	80787908
mh17KK-278	rs72852775	17	78761726	80787926	78761726	80787926
mh17KK-278	rs7224758	17	78761732	80787932	78761732	80787932
mh17KK-278	rs4969266	17	78761546	80787746	78761546	80787746
mh18KK-293	rs621320	18	76089886	78329886	76089886	78329886
mh18KK-293	rs621340	18	76089907	78329907	76089907	78329907
mh18KK-293	rs678179	18	76089945	78329945	76089945	78329945
mh18KK-293	rs621766	18	76089968	78329968	76089968	78329968
mh18KK-293	rs80207925	18	76089844	78329844	76089844	78329844
mh18KK-293	.	18	76089732	78329732	0	0
mh18KK-293	.	18	76089885	78329885	0	0
mh19KK-299	rs12985452	19	22729500	22546698	22729500	22546698
mh19KK-299	rs4932999	19	22729551	22546749	22729551	22546749
mh19KK-299	rs4932769	19	22729582	22546780	22729582	22546780
mh19KK-299	rs2361019	19	22729613	22546811	22729613	22546811
mh19KK-299	rs2860462	19	22729653	22546851	22729653	22546851
mh19KK-299	rs139451798	19	22729632	22546830	22729632	22546830
mh19KK-299	.	19	22729505	22546703	0	0
mh19KK-300	rs2411333	19	51451043	50947787	51451043	50947787
mh19KK-300	rs10415306	19	51451046	50947790	51451046	50947790
mh19KK-300	rs34338963	19	51451087	50947831	51451087	50947831
mh19KK-300	rs10415743	19	51451224	50947968	51451224	50947968
mh19KK-300	rs150844118	19	51451133	50947877	51451133	50947877
mh19KK-300	rs139954003	19	51451134	50947878	51451134	50947878
mh19KK-300	.	19	51451047	50947791	0	0
mh20KK-058	rs6122890	20	48844260	50227723	48844260	50227723
mh20KK-058	rs6095836	20	48844293	50227756	48844293	50227756
mh20KK-058	rs6012881	20	48844365	50227828	48844365	50227828
mh20KK-058	rs6020381	20	48844348	50227811	48844348	50227811
mh20KK-058	rs4811008	20	48844389	50227852	48844389	50227852
mh20KK-058	rs4811009	20	48844402	50227865	48844402	50227865
mh20KK-058	rs73121345	20	48844506	50227969	48844506	50227969
mh20KK-306	rs11697918	20	895325	914682	895325	914682
mh20KK-306	rs533194	20	895418	914775	895418	914775
mh20KK-306	rs6086446	20	895423	914780	895423	914780
mh20KK-306	rs1014897	20	895457	914814	895457	914814
mh20KK-306	rs1014898	20	895531	914888	895531	914888
mh20KK-307	rs6044080	20	16513260	16532615	16513260	16532615
mh20KK-307	rs6044081	20	16513342	16532697	16513342	16532697
mh20KK-307	rs16997830	20	16513400	16532755	16513400	16532755
mh20KK-307	rs17674942	20	16513316	16532671	16513316	16532671
mh20KK-307	rs112240396	20	16513422	16532777	16513422	16532777
mh20KK-307	rs116146231	20	16513349	16532704	16513349	16532704
mh20KK-307	rs182552564	20	16513215	16532570	16513215	16532570
mh20KK-307	.	20	16513236	16532591	0	0
mh21KK-313	rs6586324	21	43942135	42522025	43942135	42522025
mh21KK-313	rs6586325	21	43942249	42522139	43942249	42522139
mh21KK-313	rs6586326	21	43942307	42522197	43942307	42522197
mh21KK-313	.	21	43942151	42522041	0	0
mh21KK-313	.	21	43942205	42522095	0	0
mh21KK-315	rs8126597	21	21880086	20507774	21880086	20507774
mh21KK-315	rs6517970	21	21880158	20507846	21880158	20507846
mh21KK-315	rs8131148	21	21880191	20507879	21880191	20507879
mh21KK-315	rs6517971	21	21880231	20507919	21880231	20507919
mh21KK-315	rs76016088	21	21880100	20507788	21880100	20507788
mh21KK-316	rs961302	21	27782968	26410649	27782968	26410649
mh21KK-316	rs17002090	21	27782992	26410673	27782992	26410673
mh21KK-316	rs961301	21	27783039	26410720	27783039	26410720
mh21KK-316	rs2830208	21	27783102	26410783	27783102	26410783
mh21KK-316	rs73361625	21	27783184	26410865	27783184	26410865
mh21KK-316	.	21	27783222	26410903	0	0
mh21KK-318	rs2250341	21	41260194	39888269	41260194	39888269
mh21KK-318	rs2299752	21	41260234	39888309	41260234	39888309
mh21KK-318	rs17753847	21	41260260	39888335	41260260	39888335
mh21KK-318	rs2299753	21	41260363	39888438	41260363	39888438
mh21KK-318	rs73904461	21	41260235	39888310	41260235	39888310
mh21KK-318	rs373008264	21	41260341	39888416	41260341	39888416
mh21KK-318	rs370036702	21	41260129	39888204	41260129	39888204
mh21KK-318	rs149759443	21	41260227	39888302	41260227	39888302
mh21KK-318	.	21	41260229	39888304	0	0
mh21KK-320	rs2838081	21	43062859	41642699	43062859	41642699
mh21KK-320	rs2838082	21	43062929	41642769	43062929	41642769
mh21KK-320	rs78902658	21	43063018	41642858	43063018	41642858
mh21KK-320	rs2838083	21	43063044	41642884	43063044	41642884
mh21KK-320	rs75885188	21	43063129	41642969	43063129	41642969
mh21KK-320	rs114395414	21	43063056	41642896	43063056	41642896
mh21KK-320	rs370194397	21	43063086	41642926	43063086	41642926
mh21KK-324	rs6518223	21	46714549	45294634	46714549	45294634
mh21KK-324	rs2838868	21	46714641	45294726	46714641	45294726
mh21KK-324	rs7279250	21	46714692	45294777	46714692	45294777
mh21KK-324	rs8133697	21	46714707	45294792	46714707	45294792
mh21KK-324	rs7282557	21	46714586	45294671	46714586	45294671
mh21KK-324	rs80278660	21	46714714	45294799	46714714	45294799
mh22KK-061	rs763040	22	44763606	44367726	44763606	44367726
mh22KK-061	rs5764924	22	44763651	44367771	44763651	44367771
mh22KK-061	rs763041	22	44763752	44367872	44763752	44367872
mh22KK-061	rs139200695	22	44763550	44367670	44763550	44367670
mh22KK-061	.	22	44763631	44367751	0	0
mh22KK-061	.	22	44763707	44367827	0	0
mh22KK-061	.	22	44763751	44367871	0	0
mh22KK-328	rs1076115	22	18518651	18035885	18518651	18035885
mh22KK-328	rs5746505	22	18518759	18035993	18518759	18035993
mh22KK-328	rs13057610	22	18518783	18036017	18518783	18036017
mh22KK-328	rs4819661	22	18518829	18036063	18518829	18036063
mh22KK-328	.	22	18518894	18036128	0	0
mh22KK-340	rs4925431	22	49060976	48665164	49060976	48665164
mh22KK-340	rs4925399	22	49060987	48665175	49060987	48665175
mh22KK-340	rs4925400	22	49061016	48665204	49061016	48665204
mh22KK-340	rs4925401	22	49061044	48665232	49061044	48665232
mh22KK-340	rs9628590	22	49061113	48665301	49061113	48665301
mh22KK-340	rs4925432	22	49060994	48665182	49060994	48665182
mh22KK-340	rs77899570	22	49061028	48665216	49061028	48665216
mh22KK-340	rs79558241	22	49061236	48665424	49061236	48665424
